{
    "function_expr": "a * np.sin(2*np.pi*f*x + phi) + c",
    "param_names": [
        "a",
        "f",
        "phi",
        "c"
    ],
    "x_label": "t [s]",
    "y_label": "signal [1]",
    "components": [
        {
            "type": "pos",
            "visible": true,
            "params": {
                "a": 0.954556039070326,
                "f": 0.15760259776067304,
                "phi": 0.06172427257125648,
                "c": 0.014783489690016392
            },
            "ranges": {
                "a": [
                    4.77278019535163,
                    14.318340586054891
                ],
                "f": [
                    0.07880129888033652,
                    0.23640389664100955
                ],
                "phi": [
                    0.03086213628562824,
                    0.09258640885688472
                ],
                "c": [
                    0.07391744845008195,
                    0.22175234535024585
                ]
            },
            "exponents": {
                "a": -1,
                "f": 0,
                "phi": 0,
                "c": -1
            },
            "mantissas": {
                "a": 9.54556039070326,
                "f": 0.15760259776067304,
                "phi": 0.06172427257125648,
                "c": 0.1478348969001639
            },
            "label": "+ Component 0",
            "color": "#c000c0"
        }
    ],
    "param_defaults": {
        "a": {
            "mantissa": 9.975,
            "exp": -1
        },
        "f": {
            "mantissa": 1.0,
            "exp": 0
        },
        "phi": {
            "mantissa": 1.0,
            "exp": 0
        },
        "c": {
            "mantissa": 2.151,
            "exp": -1
        }
    },
    "x_range": {
        "min_m": -5.0,
        "min_exp": -1,
        "max_m": 1.05,
        "max_exp": 1
    },
    "global_range_min": -10.0,
    "global_range_max": 10.0,
    "global_param_ranges": {}
}