{
  "function_expr": "a0*np.exp(-0.5*((x-mu0)/sigma0)**2) + m1*x + b1 + a2*np.sin(2*np.pi*f2*x + phi2) + c2 + a3*np.exp(-0.5*((x-mu3)/sigma3)**2) + a4*np.sin(2*np.pi*f4*x + phi4) + c4",
  "param_names": [
    "a0",
    "mu0",
    "sigma0",
    "m1",
    "b1",
    "a2",
    "f2",
    "phi2",
    "c2",
    "a3",
    "mu3",
    "sigma3",
    "a4",
    "f4",
    "phi4",
    "c4"
  ],
  "x_label": "x",
  "y_label": "y",
  "param_defaults": {},
  "x_range": null,
  "global_range_min": -10.0,
  "global_range_max": 10.0,
  "global_param_ranges": {},
  "components": [
    {
      "type": "pos",
      "visible": true,
      "expr": "a0*np.exp(-0.5*((x-mu0)/sigma0)**2)",
      "param_names": [
        "a0",
        "mu0",
        "sigma0"
      ],
      "params": {
        "a0": 0.6633796576203816,
        "mu0": 1.1595448969132915,
        "sigma0": 2.9395878670299567
      },
      "ranges": {
        "a0": [
          -4.336620342379618,
          5.663379657620382
        ],
        "mu0": [
          -3.8404551030867085,
          6.1595448969132915
        ],
        "sigma0": [
          -6.360842644554616,
          12.24001837861453
        ]
      },
      "exponents": {},
      "mantissas": {
        "a0": 0.6633796576203816,
        "mu0": 1.1595448969132915,
        "sigma0": 2.9395878670299567
      },
      "label": "gaussian_rough",
      "color": null
    },
    {
      "type": "pos",
      "visible": true,
      "expr": "m1*x + b1",
      "param_names": [
        "m1",
        "b1"
      ],
      "params": {
        "m1": 0.08419073799645146,
        "b1": 0.4505170816184076
      },
      "ranges": {
        "m1": [
          -4.915809262003549,
          5.084190737996451
        ],
        "b1": [
          -4.549482918381592,
          5.450517081618408
        ]
      },
      "exponents": {},
      "mantissas": {
        "m1": 0.08419073799645146,
        "b1": 0.4505170816184076
      },
      "label": "line_rough",
      "color": null
    },
    {
      "type": "pos",
      "visible": true,
      "expr": "a2*np.sin(2*np.pi*f2*x + phi2) + c2",
      "param_names": [
        "a2",
        "f2",
        "phi2",
        "c2"
      ],
      "params": {
        "a2": 0.21009570724895488,
        "f2": -0.22205785847758638,
        "phi2": 1.26788784922711,
        "c2": -0.343782744230764
      },
      "ranges": {
        "a2": [
          -4.934601625254233,
          5.354793039752144
        ],
        "f2": [
          -5.222057858477586,
          4.777942141522414
        ],
        "phi2": [
          -3.73211215077289,
          6.26788784922711
        ],
        "c2": [
          -5.343782744230764,
          4.656217255769236
        ]
      },
      "exponents": {},
      "mantissas": {
        "a2": 0.21009570724895488,
        "f2": -0.22205785847758638,
        "phi2": 1.26788784922711,
        "c2": -0.343782744230764
      },
      "label": "sine_rough",
      "color": null
    },
    {
      "type": "pos",
      "visible": true,
      "expr": "a3*np.exp(-0.5*((x-mu3)/sigma3)**2)",
      "param_names": [
        "a3",
        "mu3",
        "sigma3"
      ],
      "params": {
        "a3": 1.3073185222358878,
        "mu3": -0.1788990591608095,
        "sigma3": 1.5539154996824047
      },
      "ranges": {
        "a3": [
          -3.692681477764112,
          6.307318522235888
        ],
        "mu3": [
          -13.237721882855784,
          12.879923764534166
        ],
        "sigma3": [
          -4.705278840259859,
          7.813109839624668
        ]
      },
      "exponents": {},
      "mantissas": {
        "a3": 1.3073185222358878,
        "mu3": -0.1788990591608095,
        "sigma3": 1.5539154996824047
      },
      "label": "gaussian_rough",
      "color": null
    },
    {
      "type": "pos",
      "visible": true,
      "expr": "a4*np.sin(2*np.pi*f4*x + phi4) + c4",
      "param_names": [
        "a4",
        "f4",
        "phi4",
        "c4"
      ],
      "params": {
        "a4": 0.8075323727710821,
        "f4": 0.12602428877144448,
        "phi4": 2.8011721259013544,
        "c4": 0.20360994371642266
      },
      "ranges": {
        "a4": [
          -4.192467627228918,
          5.807532372771082
        ],
        "f4": [
          -4.873975711228556,
          5.126024288771444
        ],
        "phi4": [
          -9.53863957382868,
          15.14098382563139
        ],
        "c4": [
          -4.7963900562835775,
          5.2036099437164225
        ]
      },
      "exponents": {},
      "mantissas": {
        "a4": 0.8075323727710821,
        "f4": 0.12602428877144448,
        "phi4": 2.8011721259013544,
        "c4": 0.20360994371642266
      },
      "label": "sine_rough",
      "color": null
    }
  ],
  "has_error_columns": false,
  "y_errors_in_column": "y_err",
  "settings_slot": "rough"
}