{
  "components": [
    {
      "kind": "sine",
      "params": {
        "amp": 1.5450265205645013,
        "freq": 0.05993290477678523,
        "phase": 1.508871218307175,
        "offset": -0.23393095939384634
      }
    },
    {
      "kind": "sine",
      "params": {
        "amp": 0.5855758368951332,
        "freq": 0.05925869932546018,
        "phase": 3.0409309257555988,
        "offset": -0.1378703457240691
      }
    }
  ],
  "expression": "a0*np.sin(2*np.pi*f0*x + phi0) + c0 + a1*np.sin(2*np.pi*f1*x + phi1) + c1",
  "true_params": {
    "a0": 1.5450265205645013,
    "f0": 0.05993290477678523,
    "phi0": 1.508871218307175,
    "c0": -0.23393095939384634,
    "a1": 0.5855758368951332,
    "f1": 0.05925869932546018,
    "phi1": 3.0409309257555988,
    "c1": -0.1378703457240691
  },
  "csv": "fitter/function_fitter_test_data/synthetic_02_comp_04.csv"
}