{
  "components": [
    {
      "kind": "line",
      "params": {
        "m": 0.44115961812577864,
        "b": -0.3859183905623129
      }
    },
    {
      "kind": "line",
      "params": {
        "m": 0.6135665955745118,
        "b": -0.5241938353150684
      }
    },
    {
      "kind": "line",
      "params": {
        "m": 0.3812172546540571,
        "b": 0.7687335741765975
      }
    },
    {
      "kind": "line",
      "params": {
        "m": 0.3567706602253897,
        "b": -0.8607429095310155
      }
    }
  ],
  "expression": "m0*x + b0 + m1*x + b1 + m2*x + b2 + m3*x + b3",
  "true_params": {
    "m0": 0.44115961812577864,
    "b0": -0.3859183905623129,
    "m1": 0.6135665955745118,
    "b1": -0.5241938353150684,
    "m2": 0.3812172546540571,
    "b2": 0.7687335741765975,
    "m3": 0.3567706602253897,
    "b3": -0.8607429095310155
  },
  "csv": "fitter/function_fitter_test_data/synthetic_04_comp_02.csv"
}