{
  "function_expr": "a0*np.sin(2*np.pi*f0*x + phi0) + c0 + a1*np.exp(-0.5*((x-mu1)/sigma1)**2) + m2*x + b2 + a3*np.exp(-0.5*((x-mu3)/sigma3)**2)",
  "param_names": [
    "a0",
    "f0",
    "phi0",
    "c0",
    "a1",
    "mu1",
    "sigma1",
    "m2",
    "b2",
    "a3",
    "mu3",
    "sigma3"
  ],
  "x_label": "x",
  "y_label": "y",
  "param_defaults": {},
  "x_range": null,
  "global_range_min": -10.0,
  "global_range_max": 10.0,
  "global_param_ranges": {},
  "components": [
    {
      "type": "pos",
      "visible": true,
      "expr": "a0*np.sin(2*np.pi*f0*x + phi0) + c0",
      "param_names": [
        "a0",
        "f0",
        "phi0",
        "c0"
      ],
      "params": {
        "a0": 2.1443743275169918,
        "f0": 0.9534431119147267,
        "phi0": 1.2489930572659804,
        "c0": -0.8741393054404174
      },
      "ranges": {
        "a0": [
          -4.935439664218837,
          9.224188319252821
        ],
        "f0": [
          -4.046556888085274,
          5.953443111914726
        ],
        "phi0": [
          -3.7510069427340196,
          6.248993057265981
        ],
        "c0": [
          -5.874139305440417,
          4.125860694559583
        ]
      },
      "exponents": {},
      "mantissas": {
        "a0": 2.1443743275169918,
        "f0": 0.9534431119147267,
        "phi0": 1.2489930572659804,
        "c0": -0.8741393054404174
      },
      "label": "sine_rough",
      "color": null
    },
    {
      "type": "pos",
      "visible": true,
      "expr": "a1*np.exp(-0.5*((x-mu1)/sigma1)**2)",
      "param_names": [
        "a1",
        "mu1",
        "sigma1"
      ],
      "params": {
        "a1": -0.2361543333240088,
        "mu1": 8.832877072365033,
        "sigma1": 0.0577305763077649
      },
      "ranges": {
        "a1": [
          -10.909609545280599,
          10.43730087863258
        ],
        "mu1": [
          -34.764746751575345,
          52.43050089630542
        ],
        "sigma1": [
          -4.942269423692235,
          5.057730576307765
        ]
      },
      "exponents": {},
      "mantissas": {
        "a1": -0.2361543333240088,
        "mu1": 8.832877072365033,
        "sigma1": 0.0577305763077649
      },
      "label": "gaussian_rough",
      "color": null
    },
    {
      "type": "pos",
      "visible": true,
      "expr": "m2*x + b2",
      "param_names": [
        "m2",
        "b2"
      ],
      "params": {
        "m2": -0.49495893694634696,
        "b2": 0.4261649922821272
      },
      "ranges": {
        "m2": [
          -5.494958936946347,
          4.505041063053653
        ],
        "b2": [
          -4.573835007717872,
          5.426164992282128
        ]
      },
      "exponents": {},
      "mantissas": {
        "m2": -0.49495893694634696,
        "b2": 0.4261649922821272
      },
      "label": "line_rough",
      "color": null
    },
    {
      "type": "pos",
      "visible": true,
      "expr": "a3*np.exp(-0.5*((x-mu3)/sigma3)**2)",
      "param_names": [
        "a3",
        "mu3",
        "sigma3"
      ],
      "params": {
        "a3": 2.202258361794132,
        "mu3": 5.35804600432137,
        "sigma3": 0.753550858502131
      },
      "ranges": {
        "a3": [
          -8.230483857793363,
          12.635000581381625
        ],
        "mu3": [
          -22.603167423583404,
          33.31925943222615
        ],
        "sigma3": [
          -5.547882950673468,
          7.054984667677731
        ]
      },
      "exponents": {},
      "mantissas": {
        "a3": 2.202258361794132,
        "mu3": 5.35804600432137,
        "sigma3": 0.753550858502131
      },
      "label": "gaussian_rough",
      "color": null
    }
  ],
  "has_error_columns": false,
  "y_errors_in_column": "y_err",
  "settings_slot": "rough"
}