{
  "function_expr": "a0*np.sin(2*np.pi*f0*x + phi0) + c0 + a1*np.sin(2*np.pi*f1*x + phi1) + c1 + a2*np.sin(2*np.pi*f2*x + phi2) + c2",
  "param_names": [
    "a0",
    "f0",
    "phi0",
    "c0",
    "a1",
    "f1",
    "phi1",
    "c1",
    "a2",
    "f2",
    "phi2",
    "c2"
  ],
  "x_label": "x",
  "y_label": "y",
  "param_defaults": {},
  "x_range": null,
  "global_range_min": -10.0,
  "global_range_max": 10.0,
  "global_param_ranges": {},
  "components": [
    {
      "type": "pos",
      "visible": true,
      "expr": "a0*np.sin(2*np.pi*f0*x + phi0) + c0",
      "param_names": [
        "a0",
        "f0",
        "phi0",
        "c0"
      ],
      "params": {
        "a0": 0.7428143811067639,
        "f0": 0.8365976275586992,
        "phi0": 1.3234417784543198,
        "c0": 0.12587156244407205
      },
      "ranges": {
        "a0": [
          -4.257185618893236,
          5.742814381106764
        ],
        "f0": [
          -4.1634023724413005,
          5.8365976275586995
        ],
        "phi0": [
          -3.6765582215456805,
          6.3234417784543195
        ],
        "c0": [
          -4.874128437555928,
          5.125871562444072
        ]
      },
      "exponents": {},
      "mantissas": {
        "a0": 0.7428143811067639,
        "f0": 0.8365976275586992,
        "phi0": 1.3234417784543198,
        "c0": 0.12587156244407205
      },
      "label": "sine_rough",
      "color": null
    },
    {
      "type": "pos",
      "visible": true,
      "expr": "a1*np.sin(2*np.pi*f1*x + phi1) + c1",
      "param_names": [
        "a1",
        "f1",
        "phi1",
        "c1"
      ],
      "params": {
        "a1": 1.383862012834297,
        "f1": 0.47456524833325375,
        "phi1": 0.9964765187333429,
        "c1": 0.3601909963566345
      },
      "ranges": {
        "a1": [
          -7.246248112086666,
          10.01397213775526
        ],
        "f1": [
          -4.525434751666746,
          5.474565248333254
        ],
        "phi1": [
          -4.003523481266657,
          5.996476518733343
        ],
        "c1": [
          -4.639809003643365,
          5.360190996356635
        ]
      },
      "exponents": {},
      "mantissas": {
        "a1": 1.383862012834297,
        "f1": 0.47456524833325375,
        "phi1": 0.9964765187333429,
        "c1": 0.3601909963566345
      },
      "label": "sine_rough",
      "color": null
    },
    {
      "type": "pos",
      "visible": true,
      "expr": "a2*np.sin(2*np.pi*f2*x + phi2) + c2",
      "param_names": [
        "a2",
        "f2",
        "phi2",
        "c2"
      ],
      "params": {
        "a2": 0.32308953475398416,
        "f2": -0.21842252945231436,
        "phi2": 0.4265332987733663,
        "c2": -0.1518262993399459
      },
      "ranges": {
        "a2": [
          -7.588532693866238,
          8.234711763374207
        ],
        "f2": [
          -5.218422529452314,
          4.781577470547686
        ],
        "phi2": [
          -4.573466701226634,
          5.426533298773366
        ],
        "c2": [
          -5.1518262993399455,
          4.8481737006600545
        ]
      },
      "exponents": {},
      "mantissas": {
        "a2": 0.32308953475398416,
        "f2": -0.21842252945231436,
        "phi2": 0.4265332987733663,
        "c2": -0.1518262993399459
      },
      "label": "sine_rough",
      "color": null
    }
  ],
  "has_error_columns": false,
  "y_errors_in_column": "y_err",
  "settings_slot": "rough"
}