{
  "function_expr": "a0*np.sin(2*np.pi*f0*x + phi0) + c0 + a1*np.sin(2*np.pi*f1*x + phi1) + c1 + a2*np.sin(2*np.pi*f2*x + phi2) + c2",
  "param_names": [
    "a0",
    "f0",
    "phi0",
    "c0",
    "a1",
    "f1",
    "phi1",
    "c1",
    "a2",
    "f2",
    "phi2",
    "c2"
  ],
  "x_label": "x",
  "y_label": "y",
  "param_defaults": {},
  "x_range": null,
  "global_range_min": -10.0,
  "global_range_max": 10.0,
  "global_param_ranges": {},
  "components": [
    {
      "type": "pos",
      "visible": true,
      "expr": "a0*np.sin(2*np.pi*f0*x + phi0) + c0",
      "param_names": [
        "a0",
        "f0",
        "phi0",
        "c0"
      ],
      "params": {
        "a0": 0.9563745563604474,
        "f0": 0.13933717052311123,
        "phi0": 0.7430913509292607,
        "c0": 0.2253292839060872
      },
      "ranges": {
        "a0": [
          -0.9563745563604474,
          2.8691236690813424
        ],
        "f0": [
          -0.8606628294768888,
          1.1393371705231112
        ],
        "phi0": [
          -0.7430913509292607,
          2.2292740527877823
        ],
        "c0": [
          -0.7746707160939128,
          1.2253292839060872
        ]
      },
      "exponents": {},
      "mantissas": {
        "a0": 0.9563745563604474,
        "f0": 0.13933717052311123,
        "phi0": 0.7430913509292607,
        "c0": 0.2253292839060872
      },
      "label": "sine",
      "color": null
    },
    {
      "type": "pos",
      "visible": true,
      "expr": "a1*np.sin(2*np.pi*f1*x + phi1) + c1",
      "param_names": [
        "a1",
        "f1",
        "phi1",
        "c1"
      ],
      "params": {
        "a1": 1.7260220249841924,
        "f1": 0.055950445586030406,
        "phi1": 0.2557676742984301,
        "c1": 0.3689906583569158
      },
      "ranges": {
        "a1": [
          -1.7260220249841924,
          5.178066074952577
        ],
        "f1": [
          -0.9440495544139695,
          1.0559504455860305
        ],
        "phi1": [
          -0.7442323257015699,
          1.25576767429843
        ],
        "c1": [
          -0.6310093416430842,
          1.3689906583569158
        ]
      },
      "exponents": {},
      "mantissas": {
        "a1": 1.7260220249841924,
        "f1": 0.055950445586030406,
        "phi1": 0.2557676742984301,
        "c1": 0.3689906583569158
      },
      "label": "sine",
      "color": null
    },
    {
      "type": "pos",
      "visible": true,
      "expr": "a2*np.sin(2*np.pi*f2*x + phi2) + c2",
      "param_names": [
        "a2",
        "f2",
        "phi2",
        "c2"
      ],
      "params": {
        "a2": 1.5823244457240446,
        "f2": 0.0638584695744964,
        "phi2": 0.0449722405191349,
        "c2": -0.02801480856558991
      },
      "ranges": {
        "a2": [
          -1.5823244457240446,
          4.746973337172134
        ],
        "f2": [
          -0.9361415304255036,
          1.0638584695744964
        ],
        "phi2": [
          -0.9550277594808652,
          1.0449722405191348
        ],
        "c2": [
          -1.0280148085655898,
          0.9719851914344101
        ]
      },
      "exponents": {},
      "mantissas": {
        "a2": 1.5823244457240446,
        "f2": 0.0638584695744964,
        "phi2": 0.0449722405191349,
        "c2": -0.02801480856558991
      },
      "label": "sine",
      "color": null
    }
  ],
  "has_error_columns": false,
  "y_errors_in_column": "y_err",
  "settings_slot": "fit1"
}