{
  "components": [
    {
      "kind": "gaussian",
      "params": {
        "amp": 2.352060766895105,
        "mu": 4.619125076070527,
        "sigma": 1.9879951453367068
      }
    },
    {
      "kind": "line",
      "params": {
        "m": -0.8516108120427404,
        "b": 0.162752356842762
      }
    },
    {
      "kind": "gaussian",
      "params": {
        "amp": 0.8567053689493156,
        "mu": 0.8569394314988432,
        "sigma": 0.6472244759455599
      }
    }
  ],
  "expression": "a0*np.exp(-0.5*((x-mu0)/sigma0)**2) + m1*x + b1 + a2*np.exp(-0.5*((x-mu2)/sigma2)**2)",
  "true_params": {
    "a0": 2.352060766895105,
    "mu0": 4.619125076070527,
    "sigma0": 1.9879951453367068,
    "m1": -0.8516108120427404,
    "b1": 0.162752356842762,
    "a2": 0.8567053689493156,
    "mu2": 0.8569394314988432,
    "sigma2": 0.6472244759455599
  },
  "csv": "fitter/function_fitter_test_data/synthetic_03_comp_03.csv"
}