{
  "function_expr": "m0*x + b0 + a1*np.sin(2*np.pi*f1*x + phi1) + c1 + a2*np.sin(2*np.pi*f2*x + phi2) + c2 + m3*x + b3",
  "param_names": [
    "m0",
    "b0",
    "a1",
    "f1",
    "phi1",
    "c1",
    "a2",
    "f2",
    "phi2",
    "c2",
    "m3",
    "b3"
  ],
  "x_label": "x",
  "y_label": "y",
  "param_defaults": {},
  "x_range": null,
  "global_range_min": -10.0,
  "global_range_max": 10.0,
  "global_param_ranges": {},
  "components": [
    {
      "type": "pos",
      "visible": true,
      "expr": "m0*x + b0",
      "param_names": [
        "m0",
        "b0"
      ],
      "params": {
        "m0": -0.6819068353664002,
        "b0": -0.03713583764560302
      },
      "ranges": {
        "m0": [
          -2.0457205060992005,
          0.6819068353664002
        ],
        "b0": [
          -1.037135837645603,
          0.962864162354397
        ]
      },
      "exponents": {},
      "mantissas": {
        "m0": -0.6819068353664002,
        "b0": -0.03713583764560302
      },
      "label": "line",
      "color": null
    },
    {
      "type": "pos",
      "visible": true,
      "expr": "a1*np.sin(2*np.pi*f1*x + phi1) + c1",
      "param_names": [
        "a1",
        "f1",
        "phi1",
        "c1"
      ],
      "params": {
        "a1": 1.6962859416277172,
        "f1": 0.1926813058612994,
        "phi1": 2.610048495115839,
        "c1": 0.359593684271564
      },
      "ranges": {
        "a1": [
          -1.6962859416277172,
          5.088857824883151
        ],
        "f1": [
          -0.8073186941387006,
          1.1926813058612993
        ],
        "phi1": [
          -2.610048495115839,
          7.830145485347517
        ],
        "c1": [
          -0.640406315728436,
          1.3595936842715641
        ]
      },
      "exponents": {},
      "mantissas": {
        "a1": 1.6962859416277172,
        "f1": 0.1926813058612994,
        "phi1": 2.610048495115839,
        "c1": 0.359593684271564
      },
      "label": "sine",
      "color": null
    },
    {
      "type": "pos",
      "visible": true,
      "expr": "a2*np.sin(2*np.pi*f2*x + phi2) + c2",
      "param_names": [
        "a2",
        "f2",
        "phi2",
        "c2"
      ],
      "params": {
        "a2": 1.0491441034471896,
        "f2": 0.1544880633825486,
        "phi2": 0.22247298491890888,
        "c2": 0.3117404991903361
      },
      "ranges": {
        "a2": [
          -1.0491441034471896,
          3.1474323103415687
        ],
        "f2": [
          -0.8455119366174514,
          1.1544880633825487
        ],
        "phi2": [
          -0.7775270150810911,
          1.2224729849189089
        ],
        "c2": [
          -0.6882595008096639,
          1.311740499190336
        ]
      },
      "exponents": {},
      "mantissas": {
        "a2": 1.0491441034471896,
        "f2": 0.1544880633825486,
        "phi2": 0.22247298491890888,
        "c2": 0.3117404991903361
      },
      "label": "sine",
      "color": null
    },
    {
      "type": "pos",
      "visible": true,
      "expr": "m3*x + b3",
      "param_names": [
        "m3",
        "b3"
      ],
      "params": {
        "m3": 0.08819629135482598,
        "b3": -0.05843558732637533
      },
      "ranges": {
        "m3": [
          -0.911803708645174,
          1.088196291354826
        ],
        "b3": [
          -1.0584355873263753,
          0.9415644126736247
        ]
      },
      "exponents": {},
      "mantissas": {
        "m3": 0.08819629135482598,
        "b3": -0.05843558732637533
      },
      "label": "line",
      "color": null
    }
  ],
  "has_error_columns": false,
  "y_errors_in_column": "y_err",
  "settings_slot": "fit1"
}