{
  "components": [
    {
      "kind": "sine",
      "params": {
        "amp": 1.4159627983471659,
        "freq": 0.1324830915791516,
        "phase": 0.6756332924676735,
        "offset": -0.38754954770313454
      }
    },
    {
      "kind": "gaussian",
      "params": {
        "amp": 2.134691042391318,
        "mu": 8.719524764788076,
        "sigma": 0.32721508648422826
      }
    },
    {
      "kind": "line",
      "params": {
        "m": -0.0983976993673974,
        "b": 0.30587935051298976
      }
    },
    {
      "kind": "gaussian",
      "params": {
        "amp": 2.086548443917499,
        "mu": 5.592242685580954,
        "sigma": 1.26028676183512
      }
    }
  ],
  "expression": "a0*np.sin(2*np.pi*f0*x + phi0) + c0 + a1*np.exp(-0.5*((x-mu1)/sigma1)**2) + m2*x + b2 + a3*np.exp(-0.5*((x-mu3)/sigma3)**2)",
  "true_params": {
    "a0": 1.4159627983471659,
    "f0": 0.1324830915791516,
    "phi0": 0.6756332924676735,
    "c0": -0.38754954770313454,
    "a1": 2.134691042391318,
    "mu1": 8.719524764788076,
    "sigma1": 0.32721508648422826,
    "m2": -0.0983976993673974,
    "b2": 0.30587935051298976,
    "a3": 2.086548443917499,
    "mu3": 5.592242685580954,
    "sigma3": 1.26028676183512
  },
  "csv": "fitter/function_fitter_test_data/synthetic_04_comp_01.csv"
}