{
  "function_expr": "a0*np.sin(2*np.pi*f0*x + phi0) + c0 + a1*np.exp(-0.5*((x-mu1)/sigma1)**2) + a2*np.sin(2*np.pi*f2*x + phi2) + c2 + a3*np.sin(2*np.pi*f3*x + phi3) + c3",
  "param_names": [
    "a0",
    "f0",
    "phi0",
    "c0",
    "a1",
    "mu1",
    "sigma1",
    "a2",
    "f2",
    "phi2",
    "c2",
    "a3",
    "f3",
    "phi3",
    "c3"
  ],
  "x_label": "x",
  "y_label": "y",
  "param_defaults": {},
  "x_range": null,
  "global_range_min": -10.0,
  "global_range_max": 10.0,
  "global_param_ranges": {},
  "components": [
    {
      "type": "pos",
      "visible": true,
      "expr": "a0*np.sin(2*np.pi*f0*x + phi0) + c0",
      "param_names": [
        "a0",
        "f0",
        "phi0",
        "c0"
      ],
      "params": {
        "a0": 1.7753709694348458,
        "f0": 0.07292143396255323,
        "phi0": 0.856652954302913,
        "c0": -0.4939676912715599
      },
      "ranges": {
        "a0": [
          -1.7753709694348458,
          5.3261129083045375
        ],
        "f0": [
          -0.9270785660374468,
          1.0729214339625532
        ],
        "phi0": [
          -0.856652954302913,
          2.569958862908739
        ],
        "c0": [
          -1.49396769127156,
          0.5060323087284401
        ]
      },
      "exponents": {},
      "mantissas": {
        "a0": 1.7753709694348458,
        "f0": 0.07292143396255323,
        "phi0": 0.856652954302913,
        "c0": -0.4939676912715599
      },
      "label": "sine",
      "color": null
    },
    {
      "type": "pos",
      "visible": true,
      "expr": "a1*np.exp(-0.5*((x-mu1)/sigma1)**2)",
      "param_names": [
        "a1",
        "mu1",
        "sigma1"
      ],
      "params": {
        "a1": 2.48799195778567,
        "mu1": 9.182002997442444,
        "sigma1": 2.4285384052846233
      },
      "ranges": {
        "a1": [
          -2.48799195778567,
          7.463975873357009
        ],
        "mu1": [
          -9.182002997442444,
          27.54600899232733
        ],
        "sigma1": [
          -2.4285384052846233,
          7.28561521585387
        ]
      },
      "exponents": {},
      "mantissas": {
        "a1": 2.48799195778567,
        "mu1": 9.182002997442444,
        "sigma1": 2.4285384052846233
      },
      "label": "gaussian",
      "color": null
    },
    {
      "type": "pos",
      "visible": true,
      "expr": "a2*np.sin(2*np.pi*f2*x + phi2) + c2",
      "param_names": [
        "a2",
        "f2",
        "phi2",
        "c2"
      ],
      "params": {
        "a2": 1.6106221693835543,
        "f2": 0.0801261490473533,
        "phi2": 1.709780195863971,
        "c2": 0.26641047472962553
      },
      "ranges": {
        "a2": [
          -1.6106221693835543,
          4.831866508150663
        ],
        "f2": [
          -0.9198738509526467,
          1.0801261490473533
        ],
        "phi2": [
          -1.709780195863971,
          5.129340587591913
        ],
        "c2": [
          -0.7335895252703745,
          1.2664104747296254
        ]
      },
      "exponents": {},
      "mantissas": {
        "a2": 1.6106221693835543,
        "f2": 0.0801261490473533,
        "phi2": 1.709780195863971,
        "c2": 0.26641047472962553
      },
      "label": "sine",
      "color": null
    },
    {
      "type": "pos",
      "visible": true,
      "expr": "a3*np.sin(2*np.pi*f3*x + phi3) + c3",
      "param_names": [
        "a3",
        "f3",
        "phi3",
        "c3"
      ],
      "params": {
        "a3": 1.0871107643215752,
        "f3": 0.1920787577666867,
        "phi3": 2.8502537808981763,
        "c3": 0.19909059182199662
      },
      "ranges": {
        "a3": [
          -1.0871107643215752,
          3.2613322929647257
        ],
        "f3": [
          -0.8079212422333133,
          1.1920787577666867
        ],
        "phi3": [
          -2.8502537808981763,
          8.550761342694528
        ],
        "c3": [
          -0.8009094081780034,
          1.1990905918219967
        ]
      },
      "exponents": {},
      "mantissas": {
        "a3": 1.0871107643215752,
        "f3": 0.1920787577666867,
        "phi3": 2.8502537808981763,
        "c3": 0.19909059182199662
      },
      "label": "sine",
      "color": null
    }
  ],
  "has_error_columns": false,
  "y_errors_in_column": "y_err",
  "settings_slot": "fit1"
}