{
  "function_expr": "a0*np.exp(-0.5*((x-mu0)/sigma0)**2) + m1*x + b1 + a2*np.exp(-0.5*((x-mu2)/sigma2)**2) + m3*x + b3 + m4*x + b4",
  "param_names": [
    "a0",
    "mu0",
    "sigma0",
    "m1",
    "b1",
    "a2",
    "mu2",
    "sigma2",
    "m3",
    "b3",
    "m4",
    "b4"
  ],
  "x_label": "x",
  "y_label": "y",
  "param_defaults": {},
  "x_range": null,
  "global_range_min": -10.0,
  "global_range_max": 10.0,
  "global_param_ranges": {},
  "components": [
    {
      "type": "pos",
      "visible": true,
      "expr": "a0*np.exp(-0.5*((x-mu0)/sigma0)**2)",
      "param_names": [
        "a0",
        "mu0",
        "sigma0"
      ],
      "params": {
        "a0": 2.28431553374611,
        "mu0": 8.068711364932003,
        "sigma0": 1.848496684746623
      },
      "ranges": {
        "a0": [
          -2.28431553374611,
          6.8529466012383295
        ],
        "mu0": [
          -8.068711364932003,
          24.20613409479601
        ],
        "sigma0": [
          -1.848496684746623,
          5.5454900542398695
        ]
      },
      "exponents": {},
      "mantissas": {
        "a0": 2.28431553374611,
        "mu0": 8.068711364932003,
        "sigma0": 1.848496684746623
      },
      "label": "gaussian",
      "color": null
    },
    {
      "type": "pos",
      "visible": true,
      "expr": "m1*x + b1",
      "param_names": [
        "m1",
        "b1"
      ],
      "params": {
        "m1": -0.251007163916491,
        "b1": 0.08418887474292513
      },
      "ranges": {
        "m1": [
          -1.251007163916491,
          0.748992836083509
        ],
        "b1": [
          -0.9158111252570749,
          1.0841888747429251
        ]
      },
      "exponents": {},
      "mantissas": {
        "m1": -0.251007163916491,
        "b1": 0.08418887474292513
      },
      "label": "line",
      "color": null
    },
    {
      "type": "pos",
      "visible": true,
      "expr": "a2*np.exp(-0.5*((x-mu2)/sigma2)**2)",
      "param_names": [
        "a2",
        "mu2",
        "sigma2"
      ],
      "params": {
        "a2": 1.0952786099006033,
        "mu2": 9.452320595135944,
        "sigma2": 2.2663696220843925
      },
      "ranges": {
        "a2": [
          -1.0952786099006033,
          3.28583582970181
        ],
        "mu2": [
          -9.452320595135944,
          28.356961785407833
        ],
        "sigma2": [
          -2.2663696220843925,
          6.799108866253178
        ]
      },
      "exponents": {},
      "mantissas": {
        "a2": 1.0952786099006033,
        "mu2": 9.452320595135944,
        "sigma2": 2.2663696220843925
      },
      "label": "gaussian",
      "color": null
    },
    {
      "type": "pos",
      "visible": true,
      "expr": "m3*x + b3",
      "param_names": [
        "m3",
        "b3"
      ],
      "params": {
        "m3": 0.19579918897869963,
        "b3": -0.12233296879749611
      },
      "ranges": {
        "m3": [
          -0.8042008110213004,
          1.1957991889786996
        ],
        "b3": [
          -1.1223329687974961,
          0.8776670312025039
        ]
      },
      "exponents": {},
      "mantissas": {
        "m3": 0.19579918897869963,
        "b3": -0.12233296879749611
      },
      "label": "line",
      "color": null
    },
    {
      "type": "pos",
      "visible": true,
      "expr": "m4*x + b4",
      "param_names": [
        "m4",
        "b4"
      ],
      "params": {
        "m4": 0.4992467847818265,
        "b4": 0.7132609299954871
      },
      "ranges": {
        "m4": [
          -0.5007532152181735,
          1.4992467847818265
        ],
        "b4": [
          -0.7132609299954871,
          2.1397827899864614
        ]
      },
      "exponents": {},
      "mantissas": {
        "m4": 0.4992467847818265,
        "b4": 0.7132609299954871
      },
      "label": "line",
      "color": null
    }
  ],
  "has_error_columns": false,
  "y_errors_in_column": "y_err",
  "settings_slot": "fit1"
}