{
  "components": [
    {
      "kind": "sine",
      "params": {
        "amp": 0.9563745563604474,
        "freq": 0.13933717052311123,
        "phase": 0.7430913509292607,
        "offset": 0.2253292839060872
      }
    },
    {
      "kind": "sine",
      "params": {
        "amp": 1.7260220249841924,
        "freq": 0.055950445586030406,
        "phase": 0.2557676742984301,
        "offset": 0.3689906583569158
      }
    },
    {
      "kind": "sine",
      "params": {
        "amp": 1.5823244457240446,
        "freq": 0.0638584695744964,
        "phase": 0.0449722405191349,
        "offset": -0.02801480856558991
      }
    }
  ],
  "expression": "a0*np.sin(2*np.pi*f0*x + phi0) + c0 + a1*np.sin(2*np.pi*f1*x + phi1) + c1 + a2*np.sin(2*np.pi*f2*x + phi2) + c2",
  "true_params": {
    "a0": 0.9563745563604474,
    "f0": 0.13933717052311123,
    "phi0": 0.7430913509292607,
    "c0": 0.2253292839060872,
    "a1": 1.7260220249841924,
    "f1": 0.055950445586030406,
    "phi1": 0.2557676742984301,
    "c1": 0.3689906583569158,
    "a2": 1.5823244457240446,
    "f2": 0.0638584695744964,
    "phi2": 0.0449722405191349,
    "c2": -0.02801480856558991
  },
  "csv": "fitter/function_fitter_test_data/synthetic_03_comp_04.csv"
}