{
  "components": [
    {
      "kind": "line",
      "params": {
        "m": -0.6819068353664002,
        "b": -0.03713583764560302
      }
    },
    {
      "kind": "sine",
      "params": {
        "amp": 1.6962859416277172,
        "freq": 0.1926813058612994,
        "phase": 2.610048495115839,
        "offset": 0.359593684271564
      }
    },
    {
      "kind": "sine",
      "params": {
        "amp": 1.0491441034471896,
        "freq": 0.1544880633825486,
        "phase": 0.22247298491890888,
        "offset": 0.3117404991903361
      }
    },
    {
      "kind": "line",
      "params": {
        "m": 0.08819629135482598,
        "b": -0.05843558732637533
      }
    }
  ],
  "expression": "m0*x + b0 + a1*np.sin(2*np.pi*f1*x + phi1) + c1 + a2*np.sin(2*np.pi*f2*x + phi2) + c2 + m3*x + b3",
  "true_params": {
    "m0": -0.6819068353664002,
    "b0": -0.03713583764560302,
    "a1": 1.6962859416277172,
    "f1": 0.1926813058612994,
    "phi1": 2.610048495115839,
    "c1": 0.359593684271564,
    "a2": 1.0491441034471896,
    "f2": 0.1544880633825486,
    "phi2": 0.22247298491890888,
    "c2": 0.3117404991903361,
    "m3": 0.08819629135482598,
    "b3": -0.05843558732637533
  },
  "csv": "fitter/function_fitter_test_data/synthetic_04_comp_04.csv"
}