{
  "function_expr": "m0*x + b0 + a1*np.sin(2*np.pi*f1*x + phi1) + c1 + a2*np.exp(-0.5*((x-mu2)/sigma2)**2) + m3*x + b3 + a4*np.exp(-0.5*((x-mu4)/sigma4)**2)",
  "param_names": [
    "m0",
    "b0",
    "a1",
    "f1",
    "phi1",
    "c1",
    "a2",
    "mu2",
    "sigma2",
    "m3",
    "b3",
    "a4",
    "mu4",
    "sigma4"
  ],
  "x_label": "x",
  "y_label": "y",
  "param_defaults": {},
  "x_range": null,
  "global_range_min": -10.0,
  "global_range_max": 10.0,
  "global_param_ranges": {},
  "components": [
    {
      "type": "pos",
      "visible": true,
      "expr": "m0*x + b0",
      "param_names": [
        "m0",
        "b0"
      ],
      "params": {
        "m0": 0.09525704996936857,
        "b0": 0.5179178407609732
      },
      "ranges": {
        "m0": [
          -0.9047429500306314,
          1.0952570499693686
        ],
        "b0": [
          -0.5179178407609732,
          1.5537535222829197
        ]
      },
      "exponents": {},
      "mantissas": {
        "m0": 0.09525704996936857,
        "b0": 0.5179178407609732
      },
      "label": "line",
      "color": null
    },
    {
      "type": "pos",
      "visible": true,
      "expr": "a1*np.sin(2*np.pi*f1*x + phi1) + c1",
      "param_names": [
        "a1",
        "f1",
        "phi1",
        "c1"
      ],
      "params": {
        "a1": 0.9432177122482983,
        "f1": 0.08689382313864068,
        "phi1": 1.2167009683481684,
        "c1": -0.2343883369030625
      },
      "ranges": {
        "a1": [
          -0.9432177122482983,
          2.829653136744895
        ],
        "f1": [
          -0.9131061768613593,
          1.0868938231386407
        ],
        "phi1": [
          -1.2167009683481684,
          3.6501029050445055
        ],
        "c1": [
          -1.2343883369030624,
          0.7656116630969375
        ]
      },
      "exponents": {},
      "mantissas": {
        "a1": 0.9432177122482983,
        "f1": 0.08689382313864068,
        "phi1": 1.2167009683481684,
        "c1": -0.2343883369030625
      },
      "label": "sine",
      "color": null
    },
    {
      "type": "pos",
      "visible": true,
      "expr": "a2*np.exp(-0.5*((x-mu2)/sigma2)**2)",
      "param_names": [
        "a2",
        "mu2",
        "sigma2"
      ],
      "params": {
        "a2": 2.026485489554827,
        "mu2": 3.59396643958687,
        "sigma2": 1.390406260883932
      },
      "ranges": {
        "a2": [
          -2.026485489554827,
          6.079456468664481
        ],
        "mu2": [
          -3.59396643958687,
          10.78189931876061
        ],
        "sigma2": [
          -1.390406260883932,
          4.171218782651796
        ]
      },
      "exponents": {},
      "mantissas": {
        "a2": 2.026485489554827,
        "mu2": 3.59396643958687,
        "sigma2": 1.390406260883932
      },
      "label": "gaussian",
      "color": null
    },
    {
      "type": "pos",
      "visible": true,
      "expr": "m3*x + b3",
      "param_names": [
        "m3",
        "b3"
      ],
      "params": {
        "m3": 0.6789908762526293,
        "b3": 0.7841008224045878
      },
      "ranges": {
        "m3": [
          -0.6789908762526293,
          2.036972628757888
        ],
        "b3": [
          -0.7841008224045878,
          2.3523024672137636
        ]
      },
      "exponents": {},
      "mantissas": {
        "m3": 0.6789908762526293,
        "b3": 0.7841008224045878
      },
      "label": "line",
      "color": null
    },
    {
      "type": "pos",
      "visible": true,
      "expr": "a4*np.exp(-0.5*((x-mu4)/sigma4)**2)",
      "param_names": [
        "a4",
        "mu4",
        "sigma4"
      ],
      "params": {
        "a4": 1.10383101652216,
        "mu4": 0.37711433528949345,
        "sigma4": 1.6064973100437476
      },
      "ranges": {
        "a4": [
          -1.10383101652216,
          3.3114930495664803
        ],
        "mu4": [
          -0.6228856647105065,
          1.3771143352894935
        ],
        "sigma4": [
          -1.6064973100437476,
          4.819491930131242
        ]
      },
      "exponents": {},
      "mantissas": {
        "a4": 1.10383101652216,
        "mu4": 0.37711433528949345,
        "sigma4": 1.6064973100437476
      },
      "label": "gaussian",
      "color": null
    }
  ],
  "has_error_columns": false,
  "y_errors_in_column": "y_err",
  "settings_slot": "fit1"
}