{
  "components": [
    {
      "kind": "line",
      "params": {
        "m": 0.4181459307049651,
        "b": 0.04271527373511774
      }
    },
    {
      "kind": "gaussian",
      "params": {
        "amp": 2.3686713356956863,
        "mu": 3.788739632810374,
        "sigma": 1.490926780198454
      }
    },
    {
      "kind": "sine",
      "params": {
        "amp": 1.3987058092096682,
        "freq": 0.14601124666301907,
        "phase": 1.2141926160567804,
        "offset": 0.061901485255057676
      }
    },
    {
      "kind": "line",
      "params": {
        "m": -0.5080962889384502,
        "b": 0.8191035759013503
      }
    }
  ],
  "expression": "m0*x + b0 + a1*np.exp(-0.5*((x-mu1)/sigma1)**2) + a2*np.sin(2*np.pi*f2*x + phi2) + c2 + m3*x + b3",
  "true_params": {
    "m0": 0.4181459307049651,
    "b0": 0.04271527373511774,
    "a1": 2.3686713356956863,
    "mu1": 3.788739632810374,
    "sigma1": 1.490926780198454,
    "a2": 1.3987058092096682,
    "f2": 0.14601124666301907,
    "phi2": 1.2141926160567804,
    "c2": 0.061901485255057676,
    "m3": -0.5080962889384502,
    "b3": 0.8191035759013503
  },
  "csv": "fitter/function_fitter_test_data/synthetic_04_comp_00.csv"
}