{
  "function_expr": "m0*x + b0 + a1*np.exp(-0.5*((x-mu1)/sigma1)**2) + m2*x + b2 + a3*np.exp(-0.5*((x-mu3)/sigma3)**2) + a4*np.exp(-0.5*((x-mu4)/sigma4)**2)",
  "param_names": [
    "m0",
    "b0",
    "a1",
    "mu1",
    "sigma1",
    "m2",
    "b2",
    "a3",
    "mu3",
    "sigma3",
    "a4",
    "mu4",
    "sigma4"
  ],
  "x_label": "x",
  "y_label": "y",
  "param_defaults": {},
  "x_range": null,
  "global_range_min": -10.0,
  "global_range_max": 10.0,
  "global_param_ranges": {},
  "components": [
    {
      "type": "pos",
      "visible": true,
      "expr": "m0*x + b0",
      "param_names": [
        "m0",
        "b0"
      ],
      "params": {
        "m0": 1.1963484637727522,
        "b0": 0.21574605018970527
      },
      "ranges": {
        "m0": [
          -3.803651536227248,
          6.196348463772752
        ],
        "b0": [
          -4.784253949810295,
          5.215746050189705
        ]
      },
      "exponents": {},
      "mantissas": {
        "m0": 1.1963484637727522,
        "b0": 0.21574605018970527
      },
      "label": "line_rough",
      "color": null
    },
    {
      "type": "pos",
      "visible": true,
      "expr": "a1*np.exp(-0.5*((x-mu1)/sigma1)**2)",
      "param_names": [
        "a1",
        "mu1",
        "sigma1"
      ],
      "params": {
        "a1": -0.2690071922966628,
        "mu1": 6.856698803185644,
        "sigma1": 1.6506953290365183
      },
      "ranges": {
        "a1": [
          -12.427311375236323,
          11.889296990642999
        ],
        "mu1": [
          -26.986835149145122,
          40.70023275551641
        ],
        "sigma1": [
          -9.647458865033071,
          12.948849523106107
        ]
      },
      "exponents": {},
      "mantissas": {
        "a1": -0.2690071922966628,
        "mu1": 6.856698803185644,
        "sigma1": 1.6506953290365183
      },
      "label": "gaussian_rough",
      "color": null
    },
    {
      "type": "pos",
      "visible": true,
      "expr": "m2*x + b2",
      "param_names": [
        "m2",
        "b2"
      ],
      "params": {
        "m2": 0.14518008107482738,
        "b2": 0.1539049172698828
      },
      "ranges": {
        "m2": [
          -4.854819918925172,
          5.145180081074828
        ],
        "b2": [
          -4.846095082730117,
          5.153904917269883
        ]
      },
      "exponents": {},
      "mantissas": {
        "m2": 0.14518008107482738,
        "b2": 0.1539049172698828
      },
      "label": "line_rough",
      "color": null
    },
    {
      "type": "pos",
      "visible": true,
      "expr": "a3*np.exp(-0.5*((x-mu3)/sigma3)**2)",
      "param_names": [
        "a3",
        "mu3",
        "sigma3"
      ],
      "params": {
        "a3": 2.467002905502463,
        "mu3": 5.681877415857073,
        "sigma3": 1.2766409712051285
      },
      "ranges": {
        "a3": [
          -9.219911679357006,
          14.153917490361932
        ],
        "mu3": [
          -23.96926536414857,
          35.333020195862716
        ],
        "sigma3": [
          -9.399040022804408,
          11.952321965214667
        ]
      },
      "exponents": {},
      "mantissas": {
        "a3": 2.467002905502463,
        "mu3": 5.681877415857073,
        "sigma3": 1.2766409712051285
      },
      "label": "gaussian_rough",
      "color": null
    },
    {
      "type": "pos",
      "visible": true,
      "expr": "a4*np.exp(-0.5*((x-mu4)/sigma4)**2)",
      "param_names": [
        "a4",
        "mu4",
        "sigma4"
      ],
      "params": {
        "a4": 1.139122827133331,
        "mu4": 10.39878764318826,
        "sigma4": 0.390542918876587
      },
      "ranges": {
        "a4": [
          -5.331967495429135,
          7.610213149695797
        ],
        "mu4": [
          -22.3820673481568,
          43.17964263453332
        ],
        "sigma4": [
          -7.1952113274808625,
          7.976297165234037
        ]
      },
      "exponents": {},
      "mantissas": {
        "a4": 1.139122827133331,
        "mu4": 10.39878764318826,
        "sigma4": 0.390542918876587
      },
      "label": "gaussian_rough",
      "color": null
    }
  ],
  "has_error_columns": false,
  "y_errors_in_column": "y_err",
  "settings_slot": "rough"
}