{
  "function_expr": "a0*np.exp(-0.5*((x-mu0)/sigma0)**2) + m1*x + b1 + a2*np.exp(-0.5*((x-mu2)/sigma2)**2) + m3*x + b3 + m4*x + b4",
  "param_names": [
    "a0",
    "mu0",
    "sigma0",
    "m1",
    "b1",
    "a2",
    "mu2",
    "sigma2",
    "m3",
    "b3",
    "m4",
    "b4"
  ],
  "x_label": "x",
  "y_label": "y",
  "param_defaults": {},
  "x_range": null,
  "global_range_min": -10.0,
  "global_range_max": 10.0,
  "global_param_ranges": {},
  "components": [
    {
      "type": "pos",
      "visible": true,
      "expr": "a0*np.exp(-0.5*((x-mu0)/sigma0)**2)",
      "param_names": [
        "a0",
        "mu0",
        "sigma0"
      ],
      "params": {
        "a0": 2.925219605946398,
        "mu0": 5.627643456466866,
        "sigma0": 2.5593052265863983
      },
      "ranges": {
        "a0": [
          -8.49635806278415,
          14.346797274676948
        ],
        "mu0": [
          -34.71591336819315,
          45.971200281126876
        ],
        "sigma0": [
          -6.683178197146718,
          11.801788650319514
        ]
      },
      "exponents": {},
      "mantissas": {
        "a0": 2.925219605946398,
        "mu0": 5.627643456466866,
        "sigma0": 2.5593052265863983
      },
      "label": "gaussian_rough",
      "color": null
    },
    {
      "type": "pos",
      "visible": true,
      "expr": "m1*x + b1",
      "param_names": [
        "m1",
        "b1"
      ],
      "params": {
        "m1": -0.20527717954115982,
        "b1": -0.18925259870404199
      },
      "ranges": {
        "m1": [
          -5.205277179541159,
          4.794722820458841
        ],
        "b1": [
          -5.189252598704042,
          4.810747401295958
        ]
      },
      "exponents": {},
      "mantissas": {
        "m1": -0.20527717954115982,
        "b1": -0.18925259870404199
      },
      "label": "line_rough",
      "color": null
    },
    {
      "type": "pos",
      "visible": true,
      "expr": "a2*np.exp(-0.5*((x-mu2)/sigma2)**2)",
      "param_names": [
        "a2",
        "mu2",
        "sigma2"
      ],
      "params": {
        "a2": 0.325023963109785,
        "mu2": 7.5089123510109195,
        "sigma2": 2.899801344444625
      },
      "ranges": {
        "a2": [
          -5.151369086393232,
          5.801417012612801
        ],
        "mu2": [
          -39.7526906246688,
          54.77051532669064
        ],
        "sigma2": [
          -8.432046765977336,
          14.231649454866588
        ]
      },
      "exponents": {},
      "mantissas": {
        "a2": 0.325023963109785,
        "mu2": 7.5089123510109195,
        "sigma2": 2.899801344444625
      },
      "label": "gaussian_rough",
      "color": null
    },
    {
      "type": "pos",
      "visible": true,
      "expr": "m3*x + b3",
      "param_names": [
        "m3",
        "b3"
      ],
      "params": {
        "m3": -0.5664595494727145,
        "b3": -0.42674829047846524
      },
      "ranges": {
        "m3": [
          -5.5664595494727145,
          4.4335404505272855
        ],
        "b3": [
          -5.426748290478465,
          4.573251709521535
        ]
      },
      "exponents": {},
      "mantissas": {
        "m3": -0.5664595494727145,
        "b3": -0.42674829047846524
      },
      "label": "line_rough",
      "color": null
    },
    {
      "type": "pos",
      "visible": true,
      "expr": "m4*x + b4",
      "param_names": [
        "m4",
        "b4"
      ],
      "params": {
        "m4": 0.47606590812078936,
        "b4": 0.07280509936659363
      },
      "ranges": {
        "m4": [
          -4.523934091879211,
          5.476065908120789
        ],
        "b4": [
          -4.927194900633406,
          5.072805099366594
        ]
      },
      "exponents": {},
      "mantissas": {
        "m4": 0.47606590812078936,
        "b4": 0.07280509936659363
      },
      "label": "line_rough",
      "color": null
    }
  ],
  "has_error_columns": false,
  "y_errors_in_column": "y_err",
  "settings_slot": "rough"
}