{
  "function_expr": "a0*np.exp(-0.5*((x-mu0)/sigma0)**2) + m1*x + b1 + a2*np.sin(2*np.pi*f2*x + phi2) + c2 + a3*np.exp(-0.5*((x-mu3)/sigma3)**2) + a4*np.sin(2*np.pi*f4*x + phi4) + c4",
  "param_names": [
    "a0",
    "mu0",
    "sigma0",
    "m1",
    "b1",
    "a2",
    "f2",
    "phi2",
    "c2",
    "a3",
    "mu3",
    "sigma3",
    "a4",
    "f4",
    "phi4",
    "c4"
  ],
  "x_label": "x",
  "y_label": "y",
  "param_defaults": {},
  "x_range": null,
  "global_range_min": -10.0,
  "global_range_max": 10.0,
  "global_param_ranges": {},
  "components": [
    {
      "type": "pos",
      "visible": true,
      "expr": "a0*np.exp(-0.5*((x-mu0)/sigma0)**2)",
      "param_names": [
        "a0",
        "mu0",
        "sigma0"
      ],
      "params": {
        "a0": 0.8769398328740652,
        "mu0": 0.46228443987770373,
        "sigma0": 1.8600861023169144
      },
      "ranges": {
        "a0": [
          -0.8769398328740652,
          2.6308194986221958
        ],
        "mu0": [
          -0.5377155601222963,
          1.4622844398777037
        ],
        "sigma0": [
          -1.8600861023169144,
          5.580258306950743
        ]
      },
      "exponents": {},
      "mantissas": {
        "a0": 0.8769398328740652,
        "mu0": 0.46228443987770373,
        "sigma0": 1.8600861023169144
      },
      "label": "gaussian",
      "color": null
    },
    {
      "type": "pos",
      "visible": true,
      "expr": "m1*x + b1",
      "param_names": [
        "m1",
        "b1"
      ],
      "params": {
        "m1": 0.28242691760315664,
        "b1": 0.03190227887118424
      },
      "ranges": {
        "m1": [
          -0.7175730823968434,
          1.2824269176031566
        ],
        "b1": [
          -0.9680977211288158,
          1.0319022788711842
        ]
      },
      "exponents": {},
      "mantissas": {
        "m1": 0.28242691760315664,
        "b1": 0.03190227887118424
      },
      "label": "line",
      "color": null
    },
    {
      "type": "pos",
      "visible": true,
      "expr": "a2*np.sin(2*np.pi*f2*x + phi2) + c2",
      "param_names": [
        "a2",
        "f2",
        "phi2",
        "c2"
      ],
      "params": {
        "a2": 1.0289394665006377,
        "f2": 0.06022314054922437,
        "phi2": 0.8863267909728785,
        "c2": -0.219971253456408
      },
      "ranges": {
        "a2": [
          -1.0289394665006377,
          3.0868183995019134
        ],
        "f2": [
          -0.9397768594507756,
          1.0602231405492244
        ],
        "phi2": [
          -0.8863267909728785,
          2.658980372918635
        ],
        "c2": [
          -1.219971253456408,
          0.780028746543592
        ]
      },
      "exponents": {},
      "mantissas": {
        "a2": 1.0289394665006377,
        "f2": 0.06022314054922437,
        "phi2": 0.8863267909728785,
        "c2": -0.219971253456408
      },
      "label": "sine",
      "color": null
    },
    {
      "type": "pos",
      "visible": true,
      "expr": "a3*np.exp(-0.5*((x-mu3)/sigma3)**2)",
      "param_names": [
        "a3",
        "mu3",
        "sigma3"
      ],
      "params": {
        "a3": 0.8246071095211394,
        "mu3": 2.611764564738995,
        "sigma3": 1.2518388679884527
      },
      "ranges": {
        "a3": [
          -0.8246071095211394,
          2.4738213285634183
        ],
        "mu3": [
          -2.611764564738995,
          7.835293694216985
        ],
        "sigma3": [
          -1.2518388679884527,
          3.755516603965358
        ]
      },
      "exponents": {},
      "mantissas": {
        "a3": 0.8246071095211394,
        "mu3": 2.611764564738995,
        "sigma3": 1.2518388679884527
      },
      "label": "gaussian",
      "color": null
    },
    {
      "type": "pos",
      "visible": true,
      "expr": "a4*np.sin(2*np.pi*f4*x + phi4) + c4",
      "param_names": [
        "a4",
        "f4",
        "phi4",
        "c4"
      ],
      "params": {
        "a4": 0.5541548426784972,
        "f4": 0.10052362425923131,
        "phi4": 2.467962339946007,
        "c4": 0.31313406776673824
      },
      "ranges": {
        "a4": [
          -0.5541548426784972,
          1.6624645280354917
        ],
        "f4": [
          -0.8994763757407687,
          1.1005236242592313
        ],
        "phi4": [
          -2.467962339946007,
          7.40388701983802
        ],
        "c4": [
          -0.6868659322332618,
          1.3131340677667382
        ]
      },
      "exponents": {},
      "mantissas": {
        "a4": 0.5541548426784972,
        "f4": 0.10052362425923131,
        "phi4": 2.467962339946007,
        "c4": 0.31313406776673824
      },
      "label": "sine",
      "color": null
    }
  ],
  "has_error_columns": false,
  "y_errors_in_column": "y_err",
  "settings_slot": "fit1"
}