{
  "function_expr": "m0*x + b0 + a1*np.sin(2*np.pi*f1*x + phi1) + c1 + a2*np.exp(-0.5*((x-mu2)/sigma2)**2) + m3*x + b3 + a4*np.exp(-0.5*((x-mu4)/sigma4)**2)",
  "param_names": [
    "m0",
    "b0",
    "a1",
    "f1",
    "phi1",
    "c1",
    "a2",
    "mu2",
    "sigma2",
    "m3",
    "b3",
    "a4",
    "mu4",
    "sigma4"
  ],
  "x_label": "x",
  "y_label": "y",
  "param_defaults": {},
  "x_range": null,
  "global_range_min": -10.0,
  "global_range_max": 10.0,
  "global_param_ranges": {},
  "components": [
    {
      "type": "pos",
      "visible": true,
      "expr": "m0*x + b0",
      "param_names": [
        "m0",
        "b0"
      ],
      "params": {
        "m0": 0.2984593328255625,
        "b0": 1.6604917945522035
      },
      "ranges": {
        "m0": [
          -4.701540667174438,
          5.298459332825562
        ],
        "b0": [
          -3.3395082054477965,
          6.660491794552204
        ]
      },
      "exponents": {},
      "mantissas": {
        "m0": 0.2984593328255625,
        "b0": 1.6604917945522035
      },
      "label": "line_rough",
      "color": null
    },
    {
      "type": "pos",
      "visible": true,
      "expr": "a1*np.sin(2*np.pi*f1*x + phi1) + c1",
      "param_names": [
        "a1",
        "f1",
        "phi1",
        "c1"
      ],
      "params": {
        "a1": 0.5127868383643104,
        "f1": -0.16082467401272088,
        "phi1": 1.0641789190566184,
        "c1": -0.7590875398181371
      },
      "ranges": {
        "a1": [
          -4.487213161635689,
          5.512786838364311
        ],
        "f1": [
          -5.160824674012721,
          4.839175325987279
        ],
        "phi1": [
          -5.0193259226842235,
          7.14768376079746
        ],
        "c1": [
          -5.759087539818137,
          4.240912460181863
        ]
      },
      "exponents": {},
      "mantissas": {
        "a1": 0.5127868383643104,
        "f1": -0.16082467401272088,
        "phi1": 1.0641789190566184,
        "c1": -0.7590875398181371
      },
      "label": "sine_rough",
      "color": null
    },
    {
      "type": "pos",
      "visible": true,
      "expr": "a2*np.exp(-0.5*((x-mu2)/sigma2)**2)",
      "param_names": [
        "a2",
        "mu2",
        "sigma2"
      ],
      "params": {
        "a2": 1.4281875721268755,
        "mu2": 4.246412828237428,
        "sigma2": 1.7770178747227334
      },
      "ranges": {
        "a2": [
          -8.704239875647259,
          11.56061501990101
        ],
        "mu2": [
          -13.723419369696924,
          22.21624502617178
        ],
        "sigma2": [
          -5.175013429696927,
          8.729049179142393
        ]
      },
      "exponents": {},
      "mantissas": {
        "a2": 1.4281875721268755,
        "mu2": 4.246412828237428,
        "sigma2": 1.7770178747227334
      },
      "label": "gaussian_rough",
      "color": null
    },
    {
      "type": "pos",
      "visible": true,
      "expr": "m3*x + b3",
      "param_names": [
        "m3",
        "b3"
      ],
      "params": {
        "m3": 0.09849647595888955,
        "b3": 0.10971241004878163
      },
      "ranges": {
        "m3": [
          -4.901503524041111,
          5.098496475958889
        ],
        "b3": [
          -4.890287589951218,
          5.109712410048782
        ]
      },
      "exponents": {},
      "mantissas": {
        "m3": 0.09849647595888955,
        "b3": 0.10971241004878163
      },
      "label": "line_rough",
      "color": null
    },
    {
      "type": "pos",
      "visible": true,
      "expr": "a4*np.exp(-0.5*((x-mu4)/sigma4)**2)",
      "param_names": [
        "a4",
        "mu4",
        "sigma4"
      ],
      "params": {
        "a4": 1.6130321169658894,
        "mu4": 0.06264327169750844,
        "sigma4": 1.9775802461871423
      },
      "ranges": {
        "a4": [
          -3.906122965644911,
          7.1321871995766895
        ],
        "mu4": [
          -4.9373567283024915,
          5.0626432716975085
        ],
        "sigma4": [
          -6.054906304031596,
          10.01006679640588
        ]
      },
      "exponents": {},
      "mantissas": {
        "a4": 1.6130321169658894,
        "mu4": 0.06264327169750844,
        "sigma4": 1.9775802461871423
      },
      "label": "gaussian_rough",
      "color": null
    }
  ],
  "has_error_columns": false,
  "y_errors_in_column": "y_err",
  "settings_slot": "rough"
}