{
  "components": [
    {
      "kind": "gaussian",
      "params": {
        "amp": 1.6973425463720309,
        "mu": 8.106918796205973,
        "sigma": 1.2434895917234565
      }
    },
    {
      "kind": "gaussian",
      "params": {
        "amp": 1.706445182706524,
        "mu": 3.6982330415269438,
        "sigma": 0.8797813625352191
      }
    }
  ],
  "expression": "a0*np.exp(-0.5*((x-mu0)/sigma0)**2) + a1*np.exp(-0.5*((x-mu1)/sigma1)**2)",
  "true_params": {
    "a0": 1.6973425463720309,
    "mu0": 8.106918796205973,
    "sigma0": 1.2434895917234565,
    "a1": 1.706445182706524,
    "mu1": 3.6982330415269438,
    "sigma1": 0.8797813625352191
  },
  "csv": "fitter/function_fitter_test_data/synthetic_02_comp_02.csv"
}