{
  "function_expr": "a0*np.sin(2*np.pi*f0*x + phi0) + c0 + a1*np.sin(2*np.pi*f1*x + phi1) + c1",
  "param_names": [
    "a0",
    "f0",
    "phi0",
    "c0",
    "a1",
    "f1",
    "phi1",
    "c1"
  ],
  "x_label": "x",
  "y_label": "y",
  "param_defaults": {},
  "x_range": null,
  "global_range_min": -10.0,
  "global_range_max": 10.0,
  "global_param_ranges": {},
  "components": [
    {
      "type": "pos",
      "visible": true,
      "expr": "a0*np.sin(2*np.pi*f0*x + phi0) + c0",
      "param_names": [
        "a0",
        "f0",
        "phi0",
        "c0"
      ],
      "params": {
        "a0": 0.9015875645523025,
        "f0": 0.16813379235562415,
        "phi0": 1.071793260923433,
        "c0": -0.019231528668642306
      },
      "ranges": {
        "a0": [
          -0.9015875645523025,
          2.7047626936569076
        ],
        "f0": [
          -0.8318662076443759,
          1.168133792355624
        ],
        "phi0": [
          -1.071793260923433,
          3.2153797827702992
        ],
        "c0": [
          -1.0192315286686422,
          0.9807684713313577
        ]
      },
      "exponents": {},
      "mantissas": {
        "a0": 0.9015875645523025,
        "f0": 0.16813379235562415,
        "phi0": 1.071793260923433,
        "c0": -0.019231528668642306
      },
      "label": "sine",
      "color": null
    },
    {
      "type": "pos",
      "visible": true,
      "expr": "a1*np.sin(2*np.pi*f1*x + phi1) + c1",
      "param_names": [
        "a1",
        "f1",
        "phi1",
        "c1"
      ],
      "params": {
        "a1": 0.7468709506309819,
        "f1": 0.0953756454715084,
        "phi1": 1.8066809705300175,
        "c1": -0.46140335111642483
      },
      "ranges": {
        "a1": [
          -0.7468709506309819,
          2.2406128518929456
        ],
        "f1": [
          -0.9046243545284915,
          1.0953756454715085
        ],
        "phi1": [
          -1.8066809705300175,
          5.420042911590053
        ],
        "c1": [
          -1.4614033511164248,
          0.5385966488835752
        ]
      },
      "exponents": {},
      "mantissas": {
        "a1": 0.7468709506309819,
        "f1": 0.0953756454715084,
        "phi1": 1.8066809705300175,
        "c1": -0.46140335111642483
      },
      "label": "sine",
      "color": null
    }
  ],
  "has_error_columns": false,
  "y_errors_in_column": "y_err",
  "settings_slot": "fit1"
}