{
  "function_expr": "a0*np.sin(2*np.pi*f0*x + phi0) + c0 + a1*np.exp(-0.5*((x-mu1)/sigma1)**2) + m2*x + b2 + a3*np.exp(-0.5*((x-mu3)/sigma3)**2)",
  "param_names": [
    "a0",
    "f0",
    "phi0",
    "c0",
    "a1",
    "mu1",
    "sigma1",
    "m2",
    "b2",
    "a3",
    "mu3",
    "sigma3"
  ],
  "x_label": "x",
  "y_label": "y",
  "param_defaults": {},
  "x_range": null,
  "global_range_min": -10.0,
  "global_range_max": 10.0,
  "global_param_ranges": {},
  "components": [
    {
      "type": "pos",
      "visible": true,
      "expr": "a0*np.sin(2*np.pi*f0*x + phi0) + c0",
      "param_names": [
        "a0",
        "f0",
        "phi0",
        "c0"
      ],
      "params": {
        "a0": 1.4159627983471659,
        "f0": 0.1324830915791516,
        "phi0": 0.6756332924676735,
        "c0": -0.38754954770313454
      },
      "ranges": {
        "a0": [
          -1.4159627983471659,
          4.247888395041498
        ],
        "f0": [
          -0.8675169084208484,
          1.1324830915791515
        ],
        "phi0": [
          -0.6756332924676735,
          2.0268998774030202
        ],
        "c0": [
          -1.3875495477031345,
          0.6124504522968655
        ]
      },
      "exponents": {},
      "mantissas": {
        "a0": 1.4159627983471659,
        "f0": 0.1324830915791516,
        "phi0": 0.6756332924676735,
        "c0": -0.38754954770313454
      },
      "label": "sine",
      "color": null
    },
    {
      "type": "pos",
      "visible": true,
      "expr": "a1*np.exp(-0.5*((x-mu1)/sigma1)**2)",
      "param_names": [
        "a1",
        "mu1",
        "sigma1"
      ],
      "params": {
        "a1": 2.134691042391318,
        "mu1": 8.719524764788076,
        "sigma1": 0.32721508648422826
      },
      "ranges": {
        "a1": [
          -2.134691042391318,
          6.404073127173954
        ],
        "mu1": [
          -8.719524764788076,
          26.15857429436423
        ],
        "sigma1": [
          -0.6727849135157717,
          1.3272150864842283
        ]
      },
      "exponents": {},
      "mantissas": {
        "a1": 2.134691042391318,
        "mu1": 8.719524764788076,
        "sigma1": 0.32721508648422826
      },
      "label": "gaussian",
      "color": null
    },
    {
      "type": "pos",
      "visible": true,
      "expr": "m2*x + b2",
      "param_names": [
        "m2",
        "b2"
      ],
      "params": {
        "m2": -0.0983976993673974,
        "b2": 0.30587935051298976
      },
      "ranges": {
        "m2": [
          -1.0983976993673974,
          0.9016023006326026
        ],
        "b2": [
          -0.6941206494870102,
          1.3058793505129898
        ]
      },
      "exponents": {},
      "mantissas": {
        "m2": -0.0983976993673974,
        "b2": 0.30587935051298976
      },
      "label": "line",
      "color": null
    },
    {
      "type": "pos",
      "visible": true,
      "expr": "a3*np.exp(-0.5*((x-mu3)/sigma3)**2)",
      "param_names": [
        "a3",
        "mu3",
        "sigma3"
      ],
      "params": {
        "a3": 2.086548443917499,
        "mu3": 5.592242685580954,
        "sigma3": 1.26028676183512
      },
      "ranges": {
        "a3": [
          -2.086548443917499,
          6.2596453317524965
        ],
        "mu3": [
          -5.592242685580954,
          16.77672805674286
        ],
        "sigma3": [
          -1.26028676183512,
          3.7808602855053595
        ]
      },
      "exponents": {},
      "mantissas": {
        "a3": 2.086548443917499,
        "mu3": 5.592242685580954,
        "sigma3": 1.26028676183512
      },
      "label": "gaussian",
      "color": null
    }
  ],
  "has_error_columns": false,
  "y_errors_in_column": "y_err",
  "settings_slot": "fit1"
}