{
  "function_expr": "m0*x + b0 + a1*np.exp(-0.5*((x-mu1)/sigma1)**2) + a2*np.sin(2*np.pi*f2*x + phi2) + c2 + m3*x + b3",
  "param_names": [
    "m0",
    "b0",
    "a1",
    "mu1",
    "sigma1",
    "a2",
    "f2",
    "phi2",
    "c2",
    "m3",
    "b3"
  ],
  "x_label": "x",
  "y_label": "y",
  "param_defaults": {},
  "x_range": null,
  "global_range_min": -10.0,
  "global_range_max": 10.0,
  "global_param_ranges": {},
  "components": [
    {
      "type": "pos",
      "visible": true,
      "expr": "m0*x + b0",
      "param_names": [
        "m0",
        "b0"
      ],
      "params": {
        "m0": 0.4181459307049651,
        "b0": 0.04271527373511774
      },
      "ranges": {
        "m0": [
          -0.5818540692950349,
          1.418145930704965
        ],
        "b0": [
          -0.9572847262648823,
          1.0427152737351177
        ]
      },
      "exponents": {},
      "mantissas": {
        "m0": 0.4181459307049651,
        "b0": 0.04271527373511774
      },
      "label": "line",
      "color": null
    },
    {
      "type": "pos",
      "visible": true,
      "expr": "a1*np.exp(-0.5*((x-mu1)/sigma1)**2)",
      "param_names": [
        "a1",
        "mu1",
        "sigma1"
      ],
      "params": {
        "a1": 2.3686713356956863,
        "mu1": 3.788739632810374,
        "sigma1": 1.490926780198454
      },
      "ranges": {
        "a1": [
          -2.3686713356956863,
          7.106014007087059
        ],
        "mu1": [
          -3.788739632810374,
          11.366218898431121
        ],
        "sigma1": [
          -1.490926780198454,
          4.472780340595362
        ]
      },
      "exponents": {},
      "mantissas": {
        "a1": 2.3686713356956863,
        "mu1": 3.788739632810374,
        "sigma1": 1.490926780198454
      },
      "label": "gaussian",
      "color": null
    },
    {
      "type": "pos",
      "visible": true,
      "expr": "a2*np.sin(2*np.pi*f2*x + phi2) + c2",
      "param_names": [
        "a2",
        "f2",
        "phi2",
        "c2"
      ],
      "params": {
        "a2": 1.3987058092096682,
        "f2": 0.14601124666301907,
        "phi2": 1.2141926160567804,
        "c2": 0.061901485255057676
      },
      "ranges": {
        "a2": [
          -1.3987058092096682,
          4.196117427629005
        ],
        "f2": [
          -0.853988753336981,
          1.146011246663019
        ],
        "phi2": [
          -1.2141926160567804,
          3.6425778481703412
        ],
        "c2": [
          -0.9380985147449423,
          1.0619014852550577
        ]
      },
      "exponents": {},
      "mantissas": {
        "a2": 1.3987058092096682,
        "f2": 0.14601124666301907,
        "phi2": 1.2141926160567804,
        "c2": 0.061901485255057676
      },
      "label": "sine",
      "color": null
    },
    {
      "type": "pos",
      "visible": true,
      "expr": "m3*x + b3",
      "param_names": [
        "m3",
        "b3"
      ],
      "params": {
        "m3": -0.5080962889384502,
        "b3": 0.8191035759013503
      },
      "ranges": {
        "m3": [
          -1.5242888668153505,
          0.5080962889384502
        ],
        "b3": [
          -0.8191035759013503,
          2.457310727704051
        ]
      },
      "exponents": {},
      "mantissas": {
        "m3": -0.5080962889384502,
        "b3": 0.8191035759013503
      },
      "label": "line",
      "color": null
    }
  ],
  "has_error_columns": false,
  "y_errors_in_column": "y_err",
  "settings_slot": "fit1"
}