{
  "components": [
    {
      "kind": "sine",
      "params": {
        "amp": 1.7753709694348458,
        "freq": 0.07292143396255323,
        "phase": 0.856652954302913,
        "offset": -0.4939676912715599
      }
    },
    {
      "kind": "gaussian",
      "params": {
        "amp": 2.48799195778567,
        "mu": 9.182002997442444,
        "sigma": 2.4285384052846233
      }
    },
    {
      "kind": "sine",
      "params": {
        "amp": 1.6106221693835543,
        "freq": 0.0801261490473533,
        "phase": 1.709780195863971,
        "offset": 0.26641047472962553
      }
    },
    {
      "kind": "sine",
      "params": {
        "amp": 1.0871107643215752,
        "freq": 0.1920787577666867,
        "phase": 2.8502537808981763,
        "offset": 0.19909059182199662
      }
    }
  ],
  "expression": "a0*np.sin(2*np.pi*f0*x + phi0) + c0 + a1*np.exp(-0.5*((x-mu1)/sigma1)**2) + a2*np.sin(2*np.pi*f2*x + phi2) + c2 + a3*np.sin(2*np.pi*f3*x + phi3) + c3",
  "true_params": {
    "a0": 1.7753709694348458,
    "f0": 0.07292143396255323,
    "phi0": 0.856652954302913,
    "c0": -0.4939676912715599,
    "a1": 2.48799195778567,
    "mu1": 9.182002997442444,
    "sigma1": 2.4285384052846233,
    "a2": 1.6106221693835543,
    "f2": 0.0801261490473533,
    "phi2": 1.709780195863971,
    "c2": 0.26641047472962553,
    "a3": 1.0871107643215752,
    "f3": 0.1920787577666867,
    "phi3": 2.8502537808981763,
    "c3": 0.19909059182199662
  },
  "csv": "fitter/function_fitter_test_data/synthetic_04_comp_03.csv"
}