{
  "function_expr": "a0*np.sin(2*np.pi*f0*x + phi0) + c0 + a1*np.sin(2*np.pi*f1*x + phi1) + c1",
  "param_names": [
    "a0",
    "f0",
    "phi0",
    "c0",
    "a1",
    "f1",
    "phi1",
    "c1"
  ],
  "x_label": "x",
  "y_label": "y",
  "param_defaults": {},
  "x_range": null,
  "global_range_min": -10.0,
  "global_range_max": 10.0,
  "global_param_ranges": {},
  "components": [
    {
      "type": "pos",
      "visible": true,
      "expr": "a0*np.sin(2*np.pi*f0*x + phi0) + c0",
      "param_names": [
        "a0",
        "f0",
        "phi0",
        "c0"
      ],
      "params": {
        "a0": 1.5450265205645013,
        "f0": 0.05993290477678523,
        "phi0": 1.508871218307175,
        "c0": -0.23393095939384634
      },
      "ranges": {
        "a0": [
          -1.5450265205645013,
          4.635079561693503
        ],
        "f0": [
          -0.9400670952232147,
          1.0599329047767851
        ],
        "phi0": [
          -1.508871218307175,
          4.526613654921525
        ],
        "c0": [
          -1.2339309593938463,
          0.7660690406061537
        ]
      },
      "exponents": {},
      "mantissas": {
        "a0": 1.5450265205645013,
        "f0": 0.05993290477678523,
        "phi0": 1.508871218307175,
        "c0": -0.23393095939384634
      },
      "label": "sine",
      "color": null
    },
    {
      "type": "pos",
      "visible": true,
      "expr": "a1*np.sin(2*np.pi*f1*x + phi1) + c1",
      "param_names": [
        "a1",
        "f1",
        "phi1",
        "c1"
      ],
      "params": {
        "a1": 0.5855758368951332,
        "f1": 0.05925869932546018,
        "phi1": 3.0409309257555988,
        "c1": -0.1378703457240691
      },
      "ranges": {
        "a1": [
          -0.5855758368951332,
          1.7567275106853995
        ],
        "f1": [
          -0.9407413006745399,
          1.0592586993254602
        ],
        "phi1": [
          -3.0409309257555988,
          9.122792777266795
        ],
        "c1": [
          -1.137870345724069,
          0.8621296542759309
        ]
      },
      "exponents": {},
      "mantissas": {
        "a1": 0.5855758368951332,
        "f1": 0.05925869932546018,
        "phi1": 3.0409309257555988,
        "c1": -0.1378703457240691
      },
      "label": "sine",
      "color": null
    }
  ],
  "has_error_columns": false,
  "y_errors_in_column": "y_err",
  "settings_slot": "fit1"
}