{
  "function_expr": "m0*x + b0 + a1*np.exp(-0.5*((x-mu1)/sigma1)**2) + a2*np.exp(-0.5*((x-mu2)/sigma2)**2) + m3*x + b3 + a4*np.sin(2*np.pi*f4*x + phi4) + c4",
  "param_names": [
    "m0",
    "b0",
    "a1",
    "mu1",
    "sigma1",
    "a2",
    "mu2",
    "sigma2",
    "m3",
    "b3",
    "a4",
    "f4",
    "phi4",
    "c4"
  ],
  "x_label": "x",
  "y_label": "y",
  "param_defaults": {},
  "x_range": null,
  "global_range_min": -10.0,
  "global_range_max": 10.0,
  "global_param_ranges": {},
  "components": [
    {
      "type": "pos",
      "visible": true,
      "expr": "m0*x + b0",
      "param_names": [
        "m0",
        "b0"
      ],
      "params": {
        "m0": 0.12568023659010907,
        "b0": 0.3501361064470283
      },
      "ranges": {
        "m0": [
          -0.8743197634098909,
          1.125680236590109
        ],
        "b0": [
          -0.6498638935529717,
          1.3501361064470283
        ]
      },
      "exponents": {},
      "mantissas": {
        "m0": 0.12568023659010907,
        "b0": 0.3501361064470283
      },
      "label": "line",
      "color": null
    },
    {
      "type": "pos",
      "visible": true,
      "expr": "a1*np.exp(-0.5*((x-mu1)/sigma1)**2)",
      "param_names": [
        "a1",
        "mu1",
        "sigma1"
      ],
      "params": {
        "a1": 1.6744255696351236,
        "mu1": 9.083547041133595,
        "sigma1": 2.3639852389431164
      },
      "ranges": {
        "a1": [
          -1.6744255696351236,
          5.023276708905371
        ],
        "mu1": [
          -9.083547041133595,
          27.250641123400786
        ],
        "sigma1": [
          -2.3639852389431164,
          7.091955716829349
        ]
      },
      "exponents": {},
      "mantissas": {
        "a1": 1.6744255696351236,
        "mu1": 9.083547041133595,
        "sigma1": 2.3639852389431164
      },
      "label": "gaussian",
      "color": null
    },
    {
      "type": "pos",
      "visible": true,
      "expr": "a2*np.exp(-0.5*((x-mu2)/sigma2)**2)",
      "param_names": [
        "a2",
        "mu2",
        "sigma2"
      ],
      "params": {
        "a2": 1.3097284679172798,
        "mu2": 5.629214042198171,
        "sigma2": 1.3880692827927328
      },
      "ranges": {
        "a2": [
          -1.3097284679172798,
          3.9291854037518394
        ],
        "mu2": [
          -5.629214042198171,
          16.887642126594514
        ],
        "sigma2": [
          -1.3880692827927328,
          4.164207848378198
        ]
      },
      "exponents": {},
      "mantissas": {
        "a2": 1.3097284679172798,
        "mu2": 5.629214042198171,
        "sigma2": 1.3880692827927328
      },
      "label": "gaussian",
      "color": null
    },
    {
      "type": "pos",
      "visible": true,
      "expr": "m3*x + b3",
      "param_names": [
        "m3",
        "b3"
      ],
      "params": {
        "m3": -0.8049293762721197,
        "b3": 0.6942077465002139
      },
      "ranges": {
        "m3": [
          -2.414788128816359,
          0.8049293762721197
        ],
        "b3": [
          -0.6942077465002139,
          2.0826232395006414
        ]
      },
      "exponents": {},
      "mantissas": {
        "m3": -0.8049293762721197,
        "b3": 0.6942077465002139
      },
      "label": "line",
      "color": null
    },
    {
      "type": "pos",
      "visible": true,
      "expr": "a4*np.sin(2*np.pi*f4*x + phi4) + c4",
      "param_names": [
        "a4",
        "f4",
        "phi4",
        "c4"
      ],
      "params": {
        "a4": 1.0096518530626206,
        "f4": 0.13405465592695281,
        "phi4": 2.5252421385073522,
        "c4": 0.4115591942679332
      },
      "ranges": {
        "a4": [
          -1.0096518530626206,
          3.028955559187862
        ],
        "f4": [
          -0.8659453440730471,
          1.1340546559269529
        ],
        "phi4": [
          -2.5252421385073522,
          7.575726415522057
        ],
        "c4": [
          -0.5884408057320668,
          1.4115591942679333
        ]
      },
      "exponents": {},
      "mantissas": {
        "a4": 1.0096518530626206,
        "f4": 0.13405465592695281,
        "phi4": 2.5252421385073522,
        "c4": 0.4115591942679332
      },
      "label": "sine",
      "color": null
    }
  ],
  "has_error_columns": false,
  "y_errors_in_column": "y_err",
  "settings_slot": "fit1"
}