{
  "function_expr": "a0*np.sin(2*np.pi*f0*x + phi0) + c0 + a1*np.sin(2*np.pi*f1*x + phi1) + c1",
  "param_names": [
    "a0",
    "f0",
    "phi0",
    "c0",
    "a1",
    "f1",
    "phi1",
    "c1"
  ],
  "x_label": "x",
  "y_label": "y",
  "param_defaults": {},
  "x_range": null,
  "global_range_min": -10.0,
  "global_range_max": 10.0,
  "global_param_ranges": {},
  "components": [
    {
      "type": "pos",
      "visible": true,
      "expr": "a0*np.sin(2*np.pi*f0*x + phi0) + c0",
      "param_names": [
        "a0",
        "f0",
        "phi0",
        "c0"
      ],
      "params": {
        "a0": 1.2150703860611576,
        "f0": 0.7571933618123732,
        "phi0": 2.384545274932001,
        "c0": -0.3333886808558615
      },
      "ranges": {
        "a0": [
          -6.51006221676135,
          8.940202988883664
        ],
        "f0": [
          -4.242806638187627,
          5.757193361812373
        ],
        "phi0": [
          -5.1598108166038745,
          9.928901366467876
        ],
        "c0": [
          -5.333388680855862,
          4.666611319144138
        ]
      },
      "exponents": {},
      "mantissas": {
        "a0": 1.2150703860611576,
        "f0": 0.7571933618123732,
        "phi0": 2.384545274932001,
        "c0": -0.3333886808558615
      },
      "label": "sine_rough",
      "color": null
    },
    {
      "type": "pos",
      "visible": true,
      "expr": "a1*np.sin(2*np.pi*f1*x + phi1) + c1",
      "param_names": [
        "a1",
        "f1",
        "phi1",
        "c1"
      ],
      "params": {
        "a1": 0.387339657288428,
        "f1": 0.47787350207268353,
        "phi1": 5.293375357778418,
        "c1": -0.14667000772435038
      },
      "ranges": {
        "a1": [
          -4.612660342711572,
          5.387339657288428
        ],
        "f1": [
          -4.522126497927316,
          5.477873502072684
        ],
        "phi1": [
          -9.911279270999577,
          20.49802998655641
        ],
        "c1": [
          -5.14667000772435,
          4.85332999227565
        ]
      },
      "exponents": {},
      "mantissas": {
        "a1": 0.387339657288428,
        "f1": 0.47787350207268353,
        "phi1": 5.293375357778418,
        "c1": -0.14667000772435038
      },
      "label": "sine_rough",
      "color": null
    }
  ],
  "has_error_columns": false,
  "y_errors_in_column": "y_err",
  "settings_slot": "rough"
}