{
  "function_expr": "m0*x + b0 + a1*np.exp(-0.5*((x-mu1)/sigma1)**2) + a2*np.sin(2*np.pi*f2*x + phi2) + c2 + m3*x + b3",
  "param_names": [
    "m0",
    "b0",
    "a1",
    "mu1",
    "sigma1",
    "a2",
    "f2",
    "phi2",
    "c2",
    "m3",
    "b3"
  ],
  "x_label": "x",
  "y_label": "y",
  "param_defaults": {},
  "x_range": null,
  "global_range_min": -10.0,
  "global_range_max": 10.0,
  "global_param_ranges": {},
  "components": [
    {
      "type": "pos",
      "visible": true,
      "expr": "m0*x + b0",
      "param_names": [
        "m0",
        "b0"
      ],
      "params": {
        "m0": 0.4810110412516617,
        "b0": -0.0233371579105332
      },
      "ranges": {
        "m0": [
          -4.518988958748338,
          5.481011041251662
        ],
        "b0": [
          -5.023337157910533,
          4.976662842089467
        ]
      },
      "exponents": {},
      "mantissas": {
        "m0": 0.4810110412516617,
        "b0": -0.0233371579105332
      },
      "label": "line_rough",
      "color": null
    },
    {
      "type": "pos",
      "visible": true,
      "expr": "a1*np.exp(-0.5*((x-mu1)/sigma1)**2)",
      "param_names": [
        "a1",
        "mu1",
        "sigma1"
      ],
      "params": {
        "a1": 2.777959020602392,
        "mu1": 5.345188244469834,
        "sigma1": 1.7372555232245983
      },
      "ranges": {
        "a1": [
          -9.06539765787604,
          14.621315699080824
        ],
        "mu1": [
          -13.598509919582035,
          24.288886408521705
        ],
        "sigma1": [
          -5.717378377767672,
          9.19188942421687
        ]
      },
      "exponents": {},
      "mantissas": {
        "a1": 2.777959020602392,
        "mu1": 5.345188244469834,
        "sigma1": 1.7372555232245983
      },
      "label": "gaussian_rough",
      "color": null
    },
    {
      "type": "pos",
      "visible": true,
      "expr": "a2*np.sin(2*np.pi*f2*x + phi2) + c2",
      "param_names": [
        "a2",
        "f2",
        "phi2",
        "c2"
      ],
      "params": {
        "a2": 1.5309208408923423,
        "f2": -0.11536297407735463,
        "phi2": 0.9634232638824372,
        "c2": -1.1588322060648701
      },
      "ranges": {
        "a2": [
          -5.462608205155998,
          8.524449886940683
        ],
        "f2": [
          -5.115362974077355,
          4.884637025922645
        ],
        "phi2": [
          -5.107539816401465,
          7.0343863441663395
        ],
        "c2": [
          -6.15883220606487,
          3.8411677939351296
        ]
      },
      "exponents": {},
      "mantissas": {
        "a2": 1.5309208408923423,
        "f2": -0.11536297407735463,
        "phi2": 0.9634232638824372,
        "c2": -1.1588322060648701
      },
      "label": "sine_rough",
      "color": null
    },
    {
      "type": "pos",
      "visible": true,
      "expr": "m3*x + b3",
      "param_names": [
        "m3",
        "b3"
      ],
      "params": {
        "m3": 0.5123632717541411,
        "b3": -0.4587289397557406
      },
      "ranges": {
        "m3": [
          -4.4876367282458585,
          5.5123632717541415
        ],
        "b3": [
          -5.458728939755741,
          4.541271060244259
        ]
      },
      "exponents": {},
      "mantissas": {
        "m3": 0.5123632717541411,
        "b3": -0.4587289397557406
      },
      "label": "line_rough",
      "color": null
    }
  ],
  "has_error_columns": false,
  "y_errors_in_column": "y_err",
  "settings_slot": "rough"
}