{
  "function_expr": "a0*np.sin(2*np.pi*f0*x + phi0) + c0 + a1*np.exp(-0.5*((x-mu1)/sigma1)**2) + a2*np.sin(2*np.pi*f2*x + phi2) + c2 + a3*np.sin(2*np.pi*f3*x + phi3) + c3",
  "param_names": [
    "a0",
    "f0",
    "phi0",
    "c0",
    "a1",
    "mu1",
    "sigma1",
    "a2",
    "f2",
    "phi2",
    "c2",
    "a3",
    "f3",
    "phi3",
    "c3"
  ],
  "x_label": "x",
  "y_label": "y",
  "param_defaults": {},
  "x_range": null,
  "global_range_min": -10.0,
  "global_range_max": 10.0,
  "global_param_ranges": {},
  "components": [
    {
      "type": "pos",
      "visible": true,
      "expr": "a0*np.sin(2*np.pi*f0*x + phi0) + c0",
      "param_names": [
        "a0",
        "f0",
        "phi0",
        "c0"
      ],
      "params": {
        "a0": 2.1361304033406205,
        "f0": 1.2154953877537835,
        "phi0": 1.1010632542354912,
        "c0": -0.2789271253517417
      },
      "ranges": {
        "a0": [
          -6.740724443833608,
          11.01298525051485
        ],
        "f0": [
          -3.7845046122462165,
          6.2154953877537835
        ],
        "phi0": [
          -3.8989367457645088,
          6.101063254235491
        ],
        "c0": [
          -5.278927125351742,
          4.721072874648258
        ]
      },
      "exponents": {},
      "mantissas": {
        "a0": 2.1361304033406205,
        "f0": 1.2154953877537835,
        "phi0": 1.1010632542354912,
        "c0": -0.2789271253517417
      },
      "label": "sine_rough",
      "color": null
    },
    {
      "type": "pos",
      "visible": true,
      "expr": "a1*np.exp(-0.5*((x-mu1)/sigma1)**2)",
      "param_names": [
        "a1",
        "mu1",
        "sigma1"
      ],
      "params": {
        "a1": 1.41708340517965,
        "mu1": 6.907451014076704,
        "sigma1": 2.1241039846725336
      },
      "ranges": {
        "a1": [
          -11.0228763837487,
          13.857043194108
        ],
        "mu1": [
          -39.002563973135516,
          52.81746600128893
        ],
        "sigma1": [
          -10.018588041750583,
          14.26679601109565
        ]
      },
      "exponents": {},
      "mantissas": {
        "a1": 1.41708340517965,
        "mu1": 6.907451014076704,
        "sigma1": 2.1241039846725336
      },
      "label": "gaussian_rough",
      "color": null
    },
    {
      "type": "pos",
      "visible": true,
      "expr": "a2*np.sin(2*np.pi*f2*x + phi2) + c2",
      "param_names": [
        "a2",
        "f2",
        "phi2",
        "c2"
      ],
      "params": {
        "a2": 1.1351033982537604,
        "f2": 0.26166551498688556,
        "phi2": 2.185195834752389,
        "c2": -0.0550186543125562
      },
      "ranges": {
        "a2": [
          -6.918007448664011,
          9.188214245171531
        ],
        "f2": [
          -4.738334485013114,
          5.261665514986886
        ],
        "phi2": [
          -6.363705144567466,
          10.734096814072245
        ],
        "c2": [
          -5.055018654312557,
          4.944981345687443
        ]
      },
      "exponents": {},
      "mantissas": {
        "a2": 1.1351033982537604,
        "f2": 0.26166551498688556,
        "phi2": 2.185195834752389,
        "c2": -0.0550186543125562
      },
      "label": "sine_rough",
      "color": null
    },
    {
      "type": "pos",
      "visible": true,
      "expr": "a3*np.sin(2*np.pi*f3*x + phi3) + c3",
      "param_names": [
        "a3",
        "f3",
        "phi3",
        "c3"
      ],
      "params": {
        "a3": 0.45604905313385335,
        "f3": -0.48230965458911945,
        "phi3": 3.003122859420846,
        "c3": 0.38590846829786896
      },
      "ranges": {
        "a3": [
          -4.979504768474023,
          5.891602874741729
        ],
        "f3": [
          -5.48230965458912,
          4.51769034541088
        ],
        "phi3": [
          -11.248146045070037,
          17.254391763911727
        ],
        "c3": [
          -4.614091531702131,
          5.385908468297869
        ]
      },
      "exponents": {},
      "mantissas": {
        "a3": 0.45604905313385335,
        "f3": -0.48230965458911945,
        "phi3": 3.003122859420846,
        "c3": 0.38590846829786896
      },
      "label": "sine_rough",
      "color": null
    }
  ],
  "has_error_columns": false,
  "y_errors_in_column": "y_err",
  "settings_slot": "rough"
}