{
  "function_expr": "a0*np.exp(-0.5*((x-mu0)/sigma0)**2) + a1*np.exp(-0.5*((x-mu1)/sigma1)**2) + a2*np.sin(2*np.pi*f2*x + phi2) + c2",
  "param_names": [
    "a0",
    "mu0",
    "sigma0",
    "a1",
    "mu1",
    "sigma1",
    "a2",
    "f2",
    "phi2",
    "c2"
  ],
  "x_label": "x",
  "y_label": "y",
  "param_defaults": {},
  "x_range": null,
  "global_range_min": -10.0,
  "global_range_max": 10.0,
  "global_param_ranges": {},
  "components": [
    {
      "type": "pos",
      "visible": true,
      "expr": "a0*np.exp(-0.5*((x-mu0)/sigma0)**2)",
      "param_names": [
        "a0",
        "mu0",
        "sigma0"
      ],
      "params": {
        "a0": 1.4230747502253454,
        "mu0": 6.888042226063653,
        "sigma0": 1.2904453584602198
      },
      "ranges": {
        "a0": [
          -4.133348690622446,
          6.979498191073137
        ],
        "mu0": [
          -42.49108513114808,
          56.26716958327539
        ],
        "sigma0": [
          -3.70955464153978,
          6.29044535846022
        ]
      },
      "exponents": {},
      "mantissas": {
        "a0": 1.4230747502253454,
        "mu0": 6.888042226063653,
        "sigma0": 1.2904453584602198
      },
      "label": "gaussian_rough",
      "color": null
    },
    {
      "type": "pos",
      "visible": true,
      "expr": "a1*np.exp(-0.5*((x-mu1)/sigma1)**2)",
      "param_names": [
        "a1",
        "mu1",
        "sigma1"
      ],
      "params": {
        "a1": 0.6944297582197301,
        "mu1": 5.142610143259603,
        "sigma1": 2.748627671855841
      },
      "ranges": {
        "a1": [
          -4.30557024178027,
          5.69442975821973
        ],
        "mu1": [
          -30.24758868667756,
          40.532808973196765
        ],
        "sigma1": [
          -8.475488876385144,
          13.972744220096827
        ]
      },
      "exponents": {},
      "mantissas": {
        "a1": 0.6944297582197301,
        "mu1": 5.142610143259603,
        "sigma1": 2.748627671855841
      },
      "label": "gaussian_rough",
      "color": null
    },
    {
      "type": "pos",
      "visible": true,
      "expr": "a2*np.sin(2*np.pi*f2*x + phi2) + c2",
      "param_names": [
        "a2",
        "f2",
        "phi2",
        "c2"
      ],
      "params": {
        "a2": 0.4561012154615589,
        "f2": -0.107284598034624,
        "phi2": 2.04128176779188,
        "c2": 1.1544733260097306
      },
      "ranges": {
        "a2": [
          -7.228838388145047,
          8.141040819068165
        ],
        "f2": [
          -5.107284598034624,
          4.892715401965376
        ],
        "phi2": [
          -5.935642233400831,
          10.01820576898459
        ],
        "c2": [
          -3.8455266739902694,
          6.154473326009731
        ]
      },
      "exponents": {},
      "mantissas": {
        "a2": 0.4561012154615589,
        "f2": -0.107284598034624,
        "phi2": 2.04128176779188,
        "c2": 1.1544733260097306
      },
      "label": "sine_rough",
      "color": null
    }
  ],
  "has_error_columns": false,
  "y_errors_in_column": "y_err",
  "settings_slot": "rough"
}