{
  "function_expr": "m0*x + b0 + a1*np.sin(2*np.pi*f1*x + phi1) + c1 + a2*np.sin(2*np.pi*f2*x + phi2) + c2 + m3*x + b3",
  "param_names": [
    "m0",
    "b0",
    "a1",
    "f1",
    "phi1",
    "c1",
    "a2",
    "f2",
    "phi2",
    "c2",
    "m3",
    "b3"
  ],
  "x_label": "x",
  "y_label": "y",
  "param_defaults": {},
  "x_range": null,
  "global_range_min": -10.0,
  "global_range_max": 10.0,
  "global_param_ranges": {},
  "components": [
    {
      "type": "pos",
      "visible": true,
      "expr": "m0*x + b0",
      "param_names": [
        "m0",
        "b0"
      ],
      "params": {
        "m0": -0.8954670106200837,
        "b0": 0.6601246193899849
      },
      "ranges": {
        "m0": [
          -5.8954670106200835,
          4.1045329893799165
        ],
        "b0": [
          -4.339875380610015,
          5.660124619389985
        ]
      },
      "exponents": {},
      "mantissas": {
        "m0": -0.8954670106200837,
        "b0": 0.6601246193899849
      },
      "label": "line_rough",
      "color": null
    },
    {
      "type": "pos",
      "visible": true,
      "expr": "a1*np.sin(2*np.pi*f1*x + phi1) + c1",
      "param_names": [
        "a1",
        "f1",
        "phi1",
        "c1"
      ],
      "params": {
        "a1": 1.360020697038876,
        "f1": 0.6112961086085227,
        "phi1": 4.5433344998521745,
        "c1": 0.3507940222712827
      },
      "ranges": {
        "a1": [
          -7.12140901109971,
          9.841450405177461
        ],
        "f1": [
          -4.3887038913914775,
          5.6112961086085225
        ],
        "phi1": [
          -8.506907975727021,
          17.59357697543137
        ],
        "c1": [
          -4.649205977728717,
          5.350794022271283
        ]
      },
      "exponents": {},
      "mantissas": {
        "a1": 1.360020697038876,
        "f1": 0.6112961086085227,
        "phi1": 4.5433344998521745,
        "c1": 0.3507940222712827
      },
      "label": "sine_rough",
      "color": null
    },
    {
      "type": "pos",
      "visible": true,
      "expr": "a2*np.sin(2*np.pi*f2*x + phi2) + c2",
      "param_names": [
        "a2",
        "f2",
        "phi2",
        "c2"
      ],
      "params": {
        "a2": 0.21422122447051783,
        "f2": -0.12779293564426214,
        "phi2": 0.6040340431731404,
        "c2": 0.1879290084159801
      },
      "ranges": {
        "a2": [
          -5.03149929276543,
          5.459941741706466
        ],
        "f2": [
          -5.127792935644262,
          4.872207064355738
        ],
        "phi2": [
          -4.39596595682686,
          5.60403404317314
        ],
        "c2": [
          -4.81207099158402,
          5.18792900841598
        ]
      },
      "exponents": {},
      "mantissas": {
        "a2": 0.21422122447051783,
        "f2": -0.12779293564426214,
        "phi2": 0.6040340431731404,
        "c2": 0.1879290084159801
      },
      "label": "sine_rough",
      "color": null
    },
    {
      "type": "pos",
      "visible": true,
      "expr": "m3*x + b3",
      "param_names": [
        "m3",
        "b3"
      ],
      "params": {
        "m3": 0.5709077040695745,
        "b3": -1.1269329785445947
      },
      "ranges": {
        "m3": [
          -4.429092295930426,
          5.570907704069574
        ],
        "b3": [
          -6.126932978544595,
          3.8730670214554053
        ]
      },
      "exponents": {},
      "mantissas": {
        "m3": 0.5709077040695745,
        "b3": -1.1269329785445947
      },
      "label": "line_rough",
      "color": null
    }
  ],
  "has_error_columns": false,
  "y_errors_in_column": "y_err",
  "settings_slot": "rough"
}