{
  "components": [
    {
      "kind": "sine",
      "params": {
        "amp": 0.9015875645523025,
        "freq": 0.16813379235562415,
        "phase": 1.071793260923433,
        "offset": -0.019231528668642306
      }
    },
    {
      "kind": "sine",
      "params": {
        "amp": 0.7468709506309819,
        "freq": 0.0953756454715084,
        "phase": 1.8066809705300175,
        "offset": -0.46140335111642483
      }
    }
  ],
  "expression": "a0*np.sin(2*np.pi*f0*x + phi0) + c0 + a1*np.sin(2*np.pi*f1*x + phi1) + c1",
  "true_params": {
    "a0": 0.9015875645523025,
    "f0": 0.16813379235562415,
    "phi0": 1.071793260923433,
    "c0": -0.019231528668642306,
    "a1": 0.7468709506309819,
    "f1": 0.0953756454715084,
    "phi1": 1.8066809705300175,
    "c1": -0.46140335111642483
  },
  "csv": "fitter/function_fitter_test_data/synthetic_02_comp_00.csv"
}