{
  "components": [
    {
      "kind": "line",
      "params": {
        "m": -0.4442731262186277,
        "b": -0.3191799211245736
      }
    },
    {
      "kind": "line",
      "params": {
        "m": 0.7055439927308813,
        "b": 0.5502843808582878
      }
    },
    {
      "kind": "gaussian",
      "params": {
        "amp": 1.862743332962931,
        "mu": 2.4781687117453566,
        "sigma": 1.0891049673196873
      }
    }
  ],
  "expression": "m0*x + b0 + m1*x + b1 + a2*np.exp(-0.5*((x-mu2)/sigma2)**2)",
  "true_params": {
    "m0": -0.4442731262186277,
    "b0": -0.3191799211245736,
    "m1": 0.7055439927308813,
    "b1": 0.5502843808582878,
    "a2": 1.862743332962931,
    "mu2": 2.4781687117453566,
    "sigma2": 1.0891049673196873
  },
  "csv": "fitter/function_fitter_test_data/synthetic_03_comp_00.csv"
}