{
  "function_expr": "a0*np.exp(-0.5*((x-mu0)/sigma0)**2) + a1*np.sin(2*np.pi*f1*x + phi1) + c1 + a2*np.sin(2*np.pi*f2*x + phi2) + c2",
  "param_names": [
    "a0",
    "mu0",
    "sigma0",
    "a1",
    "f1",
    "phi1",
    "c1",
    "a2",
    "f2",
    "phi2",
    "c2"
  ],
  "x_label": "x",
  "y_label": "y",
  "param_defaults": {},
  "x_range": null,
  "global_range_min": -10.0,
  "global_range_max": 10.0,
  "global_param_ranges": {},
  "components": [
    {
      "type": "pos",
      "visible": true,
      "expr": "a0*np.exp(-0.5*((x-mu0)/sigma0)**2)",
      "param_names": [
        "a0",
        "mu0",
        "sigma0"
      ],
      "params": {
        "a0": 1.615419170973923,
        "mu0": 8.746065592510398,
        "sigma0": 2.317607094362724
      },
      "ranges": {
        "a0": [
          -1.615419170973923,
          4.846257512921769
        ],
        "mu0": [
          -8.746065592510398,
          26.238196777531194
        ],
        "sigma0": [
          -2.317607094362724,
          6.952821283088172
        ]
      },
      "exponents": {},
      "mantissas": {
        "a0": 1.615419170973923,
        "mu0": 8.746065592510398,
        "sigma0": 2.317607094362724
      },
      "label": "gaussian",
      "color": null
    },
    {
      "type": "pos",
      "visible": true,
      "expr": "a1*np.sin(2*np.pi*f1*x + phi1) + c1",
      "param_names": [
        "a1",
        "f1",
        "phi1",
        "c1"
      ],
      "params": {
        "a1": 0.5806244338212652,
        "f1": 0.121136651601458,
        "phi1": 0.49748856452833246,
        "c1": 0.029055299212106256
      },
      "ranges": {
        "a1": [
          -0.5806244338212652,
          1.7418733014637955
        ],
        "f1": [
          -0.878863348398542,
          1.121136651601458
        ],
        "phi1": [
          -0.5025114354716675,
          1.4974885645283325
        ],
        "c1": [
          -0.9709447007878937,
          1.0290552992121063
        ]
      },
      "exponents": {},
      "mantissas": {
        "a1": 0.5806244338212652,
        "f1": 0.121136651601458,
        "phi1": 0.49748856452833246,
        "c1": 0.029055299212106256
      },
      "label": "sine",
      "color": null
    },
    {
      "type": "pos",
      "visible": true,
      "expr": "a2*np.sin(2*np.pi*f2*x + phi2) + c2",
      "param_names": [
        "a2",
        "f2",
        "phi2",
        "c2"
      ],
      "params": {
        "a2": 1.176125869881737,
        "f2": 0.10527048154056581,
        "phi2": 2.2231924682817352,
        "c2": 0.09171052061804319
      },
      "ranges": {
        "a2": [
          -1.176125869881737,
          3.5283776096452106
        ],
        "f2": [
          -0.8947295184594342,
          1.1052704815405658
        ],
        "phi2": [
          -2.2231924682817352,
          6.669577404845206
        ],
        "c2": [
          -0.9082894793819568,
          1.0917105206180433
        ]
      },
      "exponents": {},
      "mantissas": {
        "a2": 1.176125869881737,
        "f2": 0.10527048154056581,
        "phi2": 2.2231924682817352,
        "c2": 0.09171052061804319
      },
      "label": "sine",
      "color": null
    }
  ],
  "has_error_columns": false,
  "y_errors_in_column": "y_err",
  "settings_slot": "fit1"
}