{
  "function_expr": "a0*np.sin(2*np.pi*f0*x + phi0) + c0 + a1*np.sin(2*np.pi*f1*x + phi1) + c1",
  "param_names": [
    "a0",
    "f0",
    "phi0",
    "c0",
    "a1",
    "f1",
    "phi1",
    "c1"
  ],
  "x_label": "x",
  "y_label": "y",
  "param_defaults": {},
  "x_range": null,
  "global_range_min": -10.0,
  "global_range_max": 10.0,
  "global_param_ranges": {},
  "components": [
    {
      "type": "pos",
      "visible": true,
      "expr": "a0*np.sin(2*np.pi*f0*x + phi0) + c0",
      "param_names": [
        "a0",
        "f0",
        "phi0",
        "c0"
      ],
      "params": {
        "a0": 0.9644526750989991,
        "f0": 0.1020813607099732,
        "phi0": 1.4149936013673496,
        "c0": 0.03321852990787755
      },
      "ranges": {
        "a0": [
          -4.0355473249010005,
          5.9644526750989995
        ],
        "f0": [
          -4.897918639290027,
          5.102081360709973
        ],
        "phi0": [
          -3.943972703249816,
          6.7739599059845155
        ],
        "c0": [
          -4.966781470092123,
          5.033218529907877
        ]
      },
      "exponents": {},
      "mantissas": {
        "a0": 0.9644526750989991,
        "f0": 0.1020813607099732,
        "phi0": 1.4149936013673496,
        "c0": 0.03321852990787755
      },
      "label": "sine_rough",
      "color": null
    },
    {
      "type": "pos",
      "visible": true,
      "expr": "a1*np.sin(2*np.pi*f1*x + phi1) + c1",
      "param_names": [
        "a1",
        "f1",
        "phi1",
        "c1"
      ],
      "params": {
        "a1": 0.9196630466633748,
        "f1": 0.5061847172220876,
        "phi1": 2.105178159279069,
        "c1": -1.1129819669186052
      },
      "ranges": {
        "a1": [
          -4.080336953336625,
          5.919663046663375
        ],
        "f1": [
          -4.493815282777913,
          5.506184717222087
        ],
        "phi1": [
          -6.92822669337102,
          11.138583011929157
        ],
        "c1": [
          -6.112981966918605,
          3.887018033081395
        ]
      },
      "exponents": {},
      "mantissas": {
        "a1": 0.9196630466633748,
        "f1": 0.5061847172220876,
        "phi1": 2.105178159279069,
        "c1": -1.1129819669186052
      },
      "label": "sine_rough",
      "color": null
    }
  ],
  "has_error_columns": false,
  "y_errors_in_column": "y_err",
  "settings_slot": "rough"
}