{
  "components": [
    {
      "kind": "gaussian",
      "params": {
        "amp": 1.1112846881695584,
        "mu": 9.875825471442347,
        "sigma": 0.9059120521766832
      }
    },
    {
      "kind": "gaussian",
      "params": {
        "amp": 0.6486997738443989,
        "mu": 7.078039765987432,
        "sigma": 2.244823309648197
      }
    },
    {
      "kind": "sine",
      "params": {
        "amp": 1.5369879207213213,
        "freq": 0.09831657942914934,
        "phase": 1.595384800238542,
        "offset": 0.37487688538652164
      }
    }
  ],
  "expression": "a0*np.exp(-0.5*((x-mu0)/sigma0)**2) + a1*np.exp(-0.5*((x-mu1)/sigma1)**2) + a2*np.sin(2*np.pi*f2*x + phi2) + c2",
  "true_params": {
    "a0": 1.1112846881695584,
    "mu0": 9.875825471442347,
    "sigma0": 0.9059120521766832,
    "a1": 0.6486997738443989,
    "mu1": 7.078039765987432,
    "sigma1": 2.244823309648197,
    "a2": 1.5369879207213213,
    "f2": 0.09831657942914934,
    "phi2": 1.595384800238542,
    "c2": 0.37487688538652164
  },
  "csv": "fitter/function_fitter_test_data/synthetic_03_comp_02.csv"
}