{
  "function_expr": "m0*x + b0 + a1*np.exp(-0.5*((x-mu1)/sigma1)**2) + a2*np.exp(-0.5*((x-mu2)/sigma2)**2) + m3*x + b3 + a4*np.sin(2*np.pi*f4*x + phi4) + c4",
  "param_names": [
    "m0",
    "b0",
    "a1",
    "mu1",
    "sigma1",
    "a2",
    "mu2",
    "sigma2",
    "m3",
    "b3",
    "a4",
    "f4",
    "phi4",
    "c4"
  ],
  "x_label": "x",
  "y_label": "y",
  "param_defaults": {},
  "x_range": null,
  "global_range_min": -10.0,
  "global_range_max": 10.0,
  "global_param_ranges": {},
  "components": [
    {
      "type": "pos",
      "visible": true,
      "expr": "m0*x + b0",
      "param_names": [
        "m0",
        "b0"
      ],
      "params": {
        "m0": 0.1885453471368057,
        "b0": 0.28408367480137736
      },
      "ranges": {
        "m0": [
          -4.811454652863194,
          5.188545347136806
        ],
        "b0": [
          -4.715916325198623,
          5.284083674801377
        ]
      },
      "exponents": {},
      "mantissas": {
        "m0": 0.1885453471368057,
        "b0": 0.28408367480137736
      },
      "label": "line_rough",
      "color": null
    },
    {
      "type": "pos",
      "visible": true,
      "expr": "a1*np.exp(-0.5*((x-mu1)/sigma1)**2)",
      "param_names": [
        "a1",
        "mu1",
        "sigma1"
      ],
      "params": {
        "a1": 1.9637530734626103,
        "mu1": 12.815150569304407,
        "sigma1": 2.754559424191641
      },
      "ranges": {
        "a1": [
          -6.408374774713007,
          10.335880921638228
        ],
        "mu1": [
          -32.602584636363574,
          58.23288577497239
        ],
        "sigma1": [
          -9.06536677052394,
          14.574485618907222
        ]
      },
      "exponents": {},
      "mantissas": {
        "a1": 1.9637530734626103,
        "mu1": 12.815150569304407,
        "sigma1": 2.754559424191641
      },
      "label": "gaussian_rough",
      "color": null
    },
    {
      "type": "pos",
      "visible": true,
      "expr": "a2*np.exp(-0.5*((x-mu2)/sigma2)**2)",
      "param_names": [
        "a2",
        "mu2",
        "sigma2"
      ],
      "params": {
        "a2": 1.433532765962792,
        "mu2": 4.1578826085378555,
        "sigma2": 1.1013888745808276
      },
      "ranges": {
        "a2": [
          -5.115109573623607,
          7.982175105549191
        ],
        "mu2": [
          -23.988187602453003,
          32.30395281952871
        ],
        "sigma2": [
          -5.838957539382837,
          8.041735288544492
        ]
      },
      "exponents": {},
      "mantissas": {
        "a2": 1.433532765962792,
        "mu2": 4.1578826085378555,
        "sigma2": 1.1013888745808276
      },
      "label": "gaussian_rough",
      "color": null
    },
    {
      "type": "pos",
      "visible": true,
      "expr": "m3*x + b3",
      "param_names": [
        "m3",
        "b3"
      ],
      "params": {
        "m3": 0.21553018442047156,
        "b3": -0.583624769156877
      },
      "ranges": {
        "m3": [
          -4.784469815579529,
          5.215530184420471
        ],
        "b3": [
          -5.583624769156877,
          4.416375230843123
        ]
      },
      "exponents": {},
      "mantissas": {
        "m3": 0.21553018442047156,
        "b3": -0.583624769156877
      },
      "label": "line_rough",
      "color": null
    },
    {
      "type": "pos",
      "visible": true,
      "expr": "a4*np.sin(2*np.pi*f4*x + phi4) + c4",
      "param_names": [
        "a4",
        "f4",
        "phi4",
        "c4"
      ],
      "params": {
        "a4": 0.6806107805405137,
        "f4": 0.04669600976406424,
        "phi4": 4.625895103460699,
        "c4": 0.7411330691840607
      },
      "ranges": {
        "a4": [
          -4.367648484772589,
          5.728870045853617
        ],
        "f4": [
          -4.953303990235936,
          5.046696009764064
        ],
        "phi4": [
          -8.000315589076061,
          17.25210579599746
        ],
        "c4": [
          -4.258866930815939,
          5.741133069184061
        ]
      },
      "exponents": {},
      "mantissas": {
        "a4": 0.6806107805405137,
        "f4": 0.04669600976406424,
        "phi4": 4.625895103460699,
        "c4": 0.7411330691840607
      },
      "label": "sine_rough",
      "color": null
    }
  ],
  "has_error_columns": false,
  "y_errors_in_column": "y_err",
  "settings_slot": "rough"
}