{
  "components": [
    {
      "kind": "gaussian",
      "params": {
        "amp": 0.5601982261991132,
        "mu": 2.4821022857096264,
        "sigma": 0.588272172290223
      }
    },
    {
      "kind": "line",
      "params": {
        "m": 0.22512022746688176,
        "b": -0.8329012829013487
      }
    }
  ],
  "expression": "a0*np.exp(-0.5*((x-mu0)/sigma0)**2) + m1*x + b1",
  "true_params": {
    "a0": 0.5601982261991132,
    "mu0": 2.4821022857096264,
    "sigma0": 0.588272172290223,
    "m1": 0.22512022746688176,
    "b1": -0.8329012829013487
  },
  "csv": "fitter/function_fitter_test_data/synthetic_02_comp_03.csv"
}