{
  "components": [
    {
      "kind": "gaussian",
      "params": {
        "amp": 1.615419170973923,
        "mu": 8.746065592510398,
        "sigma": 2.317607094362724
      }
    },
    {
      "kind": "sine",
      "params": {
        "amp": 0.5806244338212652,
        "freq": 0.121136651601458,
        "phase": 0.49748856452833246,
        "offset": 0.029055299212106256
      }
    },
    {
      "kind": "sine",
      "params": {
        "amp": 1.176125869881737,
        "freq": 0.10527048154056581,
        "phase": 2.2231924682817352,
        "offset": 0.09171052061804319
      }
    }
  ],
  "expression": "a0*np.exp(-0.5*((x-mu0)/sigma0)**2) + a1*np.sin(2*np.pi*f1*x + phi1) + c1 + a2*np.sin(2*np.pi*f2*x + phi2) + c2",
  "true_params": {
    "a0": 1.615419170973923,
    "mu0": 8.746065592510398,
    "sigma0": 2.317607094362724,
    "a1": 0.5806244338212652,
    "f1": 0.121136651601458,
    "phi1": 0.49748856452833246,
    "c1": 0.029055299212106256,
    "a2": 1.176125869881737,
    "f2": 0.10527048154056581,
    "phi2": 2.2231924682817352,
    "c2": 0.09171052061804319
  },
  "csv": "fitter/function_fitter_test_data/synthetic_03_comp_01.csv"
}