{
  "function_expr": "a0*np.exp(-0.5*((x-mu0)/sigma0)**2) + a1*np.exp(-0.5*((x-mu1)/sigma1)**2) + a2*np.sin(2*np.pi*f2*x + phi2) + c2",
  "param_names": [
    "a0",
    "mu0",
    "sigma0",
    "a1",
    "mu1",
    "sigma1",
    "a2",
    "f2",
    "phi2",
    "c2"
  ],
  "x_label": "x",
  "y_label": "y",
  "param_defaults": {},
  "x_range": null,
  "global_range_min": -10.0,
  "global_range_max": 10.0,
  "global_param_ranges": {},
  "components": [
    {
      "type": "pos",
      "visible": true,
      "expr": "a0*np.exp(-0.5*((x-mu0)/sigma0)**2)",
      "param_names": [
        "a0",
        "mu0",
        "sigma0"
      ],
      "params": {
        "a0": 1.1112846881695584,
        "mu0": 9.875825471442347,
        "sigma0": 0.9059120521766832
      },
      "ranges": {
        "a0": [
          -1.1112846881695584,
          3.3338540645086754
        ],
        "mu0": [
          -9.875825471442347,
          29.62747641432704
        ],
        "sigma0": [
          -0.9059120521766832,
          2.7177361565300497
        ]
      },
      "exponents": {},
      "mantissas": {
        "a0": 1.1112846881695584,
        "mu0": 9.875825471442347,
        "sigma0": 0.9059120521766832
      },
      "label": "gaussian",
      "color": null
    },
    {
      "type": "pos",
      "visible": true,
      "expr": "a1*np.exp(-0.5*((x-mu1)/sigma1)**2)",
      "param_names": [
        "a1",
        "mu1",
        "sigma1"
      ],
      "params": {
        "a1": 0.6486997738443989,
        "mu1": 7.078039765987432,
        "sigma1": 2.244823309648197
      },
      "ranges": {
        "a1": [
          -0.6486997738443989,
          1.9460993215331968
        ],
        "mu1": [
          -7.078039765987432,
          21.234119297962295
        ],
        "sigma1": [
          -2.244823309648197,
          6.734469928944591
        ]
      },
      "exponents": {},
      "mantissas": {
        "a1": 0.6486997738443989,
        "mu1": 7.078039765987432,
        "sigma1": 2.244823309648197
      },
      "label": "gaussian",
      "color": null
    },
    {
      "type": "pos",
      "visible": true,
      "expr": "a2*np.sin(2*np.pi*f2*x + phi2) + c2",
      "param_names": [
        "a2",
        "f2",
        "phi2",
        "c2"
      ],
      "params": {
        "a2": 1.5369879207213213,
        "f2": 0.09831657942914934,
        "phi2": 1.595384800238542,
        "c2": 0.37487688538652164
      },
      "ranges": {
        "a2": [
          -1.5369879207213213,
          4.610963762163964
        ],
        "f2": [
          -0.9016834205708506,
          1.0983165794291494
        ],
        "phi2": [
          -1.595384800238542,
          4.786154400715626
        ],
        "c2": [
          -0.6251231146134784,
          1.3748768853865216
        ]
      },
      "exponents": {},
      "mantissas": {
        "a2": 1.5369879207213213,
        "f2": 0.09831657942914934,
        "phi2": 1.595384800238542,
        "c2": 0.37487688538652164
      },
      "label": "sine",
      "color": null
    }
  ],
  "has_error_columns": false,
  "y_errors_in_column": "y_err",
  "settings_slot": "fit1"
}