{
  "function_expr": "a0*np.exp(-0.5*((x-mu0)/sigma0)**2) + a1*np.sin(2*np.pi*f1*x + phi1) + c1 + a2*np.sin(2*np.pi*f2*x + phi2) + c2",
  "param_names": [
    "a0",
    "mu0",
    "sigma0",
    "a1",
    "f1",
    "phi1",
    "c1",
    "a2",
    "f2",
    "phi2",
    "c2"
  ],
  "x_label": "x",
  "y_label": "y",
  "param_defaults": {},
  "x_range": null,
  "global_range_min": -10.0,
  "global_range_max": 10.0,
  "global_param_ranges": {},
  "components": [
    {
      "type": "pos",
      "visible": true,
      "expr": "a0*np.exp(-0.5*((x-mu0)/sigma0)**2)",
      "param_names": [
        "a0",
        "mu0",
        "sigma0"
      ],
      "params": {
        "a0": 2.446436730159024,
        "mu0": 15.926235779194009,
        "sigma0": 3.646429752881423
      },
      "ranges": {
        "a0": [
          -5.630659124710591,
          10.52353258502864
        ],
        "mu0": [
          -27.80409218335798,
          59.656563741746
        ],
        "sigma0": [
          -7.941605718932198,
          15.234465224695043
        ]
      },
      "exponents": {},
      "mantissas": {
        "a0": 2.446436730159024,
        "mu0": 15.926235779194009,
        "sigma0": 3.646429752881423
      },
      "label": "gaussian_rough",
      "color": null
    },
    {
      "type": "pos",
      "visible": true,
      "expr": "a1*np.sin(2*np.pi*f1*x + phi1) + c1",
      "param_names": [
        "a1",
        "f1",
        "phi1",
        "c1"
      ],
      "params": {
        "a1": -0.5300025040514234,
        "f1": 0.1341364779262487,
        "phi1": 0.2280040543518691,
        "c1": -0.5355410885288036
      },
      "ranges": {
        "a1": [
          -5.530002504051423,
          4.469997495948577
        ],
        "f1": [
          -4.865863522073751,
          5.134136477926249
        ],
        "phi1": [
          -4.771995945648131,
          5.228004054351869
        ],
        "c1": [
          -5.535541088528803,
          4.464458911471197
        ]
      },
      "exponents": {},
      "mantissas": {
        "a1": -0.5300025040514234,
        "f1": 0.1341364779262487,
        "phi1": 0.2280040543518691,
        "c1": -0.5355410885288036
      },
      "label": "sine_rough",
      "color": null
    },
    {
      "type": "pos",
      "visible": true,
      "expr": "a2*np.sin(2*np.pi*f2*x + phi2) + c2",
      "param_names": [
        "a2",
        "f2",
        "phi2",
        "c2"
      ],
      "params": {
        "a2": 0.7097199393728167,
        "f2": 0.22555612330970326,
        "phi2": 0.11524323936531555,
        "c2": 0.7895963756723903
      },
      "ranges": {
        "a2": [
          -5.170909410035868,
          6.590349288781502
        ],
        "f2": [
          -4.774443876690297,
          5.225556123309703
        ],
        "phi2": [
          -11.000719102043359,
          11.231205580773992
        ],
        "c2": [
          -4.2104036243276095,
          5.7895963756723905
        ]
      },
      "exponents": {},
      "mantissas": {
        "a2": 0.7097199393728167,
        "f2": 0.22555612330970326,
        "phi2": 0.11524323936531555,
        "c2": 0.7895963756723903
      },
      "label": "sine_rough",
      "color": null
    }
  ],
  "has_error_columns": false,
  "y_errors_in_column": "y_err",
  "settings_slot": "rough"
}