{
  "components": [
    {
      "kind": "sine",
      "params": {
        "amp": 1.2489039630452903,
        "freq": 0.06311044846479344,
        "phase": 0.5098971304718688,
        "offset": -0.2727129649057807
      }
    },
    {
      "kind": "line",
      "params": {
        "m": 0.7677578015901603,
        "b": -0.9033156838025738
      }
    }
  ],
  "expression": "a0*np.sin(2*np.pi*f0*x + phi0) + c0 + m1*x + b1",
  "true_params": {
    "a0": 1.2489039630452903,
    "f0": 0.06311044846479344,
    "phi0": 0.5098971304718688,
    "c0": -0.2727129649057807,
    "m1": 0.7677578015901603,
    "b1": -0.9033156838025738
  },
  "csv": "fitter/function_fitter_test_data/synthetic_02_comp_01.csv"
}