{
  "components": [
    {
      "kind": "gaussian",
      "params": {
        "amp": 1.8684998141007076,
        "mu": 1.63012620726255,
        "sigma": 1.850358969656741
      }
    }
  ],
  "expression": "a0*np.exp(-0.5*((x-mu0)/sigma0)**2)",
  "true_params": {
    "a0": 1.8684998141007076,
    "mu0": 1.63012620726255,
    "sigma0": 1.850358969656741
  },
  "csv": "fitter/function_fitter_test_data/synthetic_01_comp_01.csv"
}